中类,cat_id
0126,0
0307,1
0702,2
0814,3
0813,4
0806,5
0801,6
0803,7
0818,8
0805,9
0128,10
0808,11
0123,12
0706,13
0205,14
0703,15
0132,16
0130,17
0222,18
0601,19
0816,20
0701,21
0127,22
0120,23
0712,24
0711,25
0309,26
0301,27
0305,28
0708,29
0109,30
0119,31
0107,32
0106,33
0104,34
0105,35
0116,36
0115,37
2102,38
0212,39
2101,40
0710,41
0204,42
0223,43
0520,44
2103,45
0709,46
0118,47
1702,48
0304,49
0220,50
0117,51
1701,52
0122,53
0401,54
1502,55
1501,56
0124,57
0221,58
0112,59
0111,60
1703,61
0110,62
0815,63
0404,64
0114,65
0217,66
0218,67
1503,68
0207,69
0410,70
0113,71
0129,72
0108,73
0102,74
0306,75
0516,76
2201,77
0125,78
0206,79
0229,80
0209,81
0214,82
0213,83
0131,84
0302,85
0215,86
0208,87
1901,88
0408,89
0308,90
0216,91
0211,92
0409,93
0201,94
0203,95
0303,96
0230,97
0518,98
0234,99
0402,100
