text,jieba_words,pku_words,jieba_count,pku_count,agreement_rate
新希望源态酪乳芝士浓缩酸奶100g*10,新|希望|源态|酪|乳|芝士|浓缩|酸奶|100g|*|10,新|希望|源态|酪乳|芝士|浓缩|酸奶|100g*10,11,8,0.46153846153846156
壮狼冰丝男士精品内裤 z5924,壮狼|冰丝|男士|精品|内裤| |z5924,壮狼|冰丝|男士|精品|内裤|z|5924,7,7,0.5555555555555556
大黑鱼,大|黑鱼,大|黑鱼,2,2,1.0
小黑鱼,小|黑鱼,小|黑鱼,2,2,1.0
鲶鱼,鲶鱼,鲶鱼,1,1,1.0
大青鱼,大|青鱼,大|青鱼,2,2,1.0
鳊鱼,鳊鱼,鳊鱼,1,1,1.0
白鲢鱼,白鲢鱼,白鲢鱼,1,1,1.0
花鲢鱼,花|鲢鱼,花鲢鱼,2,1,0.0
小草鱼,小|草鱼,小|草鱼,2,2,1.0
大草鱼,大|草鱼,大|草鱼,2,2,1.0
昂刺鱼,昂刺|鱼,昂刺|鱼,2,2,1.0
鲈鱼（计数）,鲈鱼|（|计数|）,鲈鱼|（|计数|）,4,4,1.0
白丝鱼,白丝鱼,白丝鱼,1,1,1.0
桂鱼,桂鱼,桂鱼,1,1,1.0
塘鲤鱼,塘|鲤鱼,塘鲤鱼,2,1,0.0
鲤鱼,鲤鱼,鲤鱼,1,1,1.0
大鲫鱼,大|鲫鱼,大|鲫鱼,2,2,1.0
小鲫鱼,小|鲫鱼,小|鲫鱼,2,2,1.0
清江鱼,清江|鱼,清江|鱼,2,2,1.0
小金鱼,小|金鱼,小金鱼,2,1,0.0
大金鱼,大|金鱼,大|金鱼,2,2,1.0
河虾,河虾,河虾,1,1,1.0
白虾,白虾,白虾,1,1,1.0
基围虾,基围|虾,基围|虾,2,2,1.0
罗氏虾,罗氏|虾,罗氏虾,2,1,0.0
河鳗,河鳗,河鳗,1,1,1.0
香螺,香螺,香螺,1,1,1.0
泥鳅,泥鳅,泥鳅,1,1,1.0
黄鳝,黄鳝,黄鳝,1,1,1.0
牛蛙,牛蛙,牛蛙,1,1,1.0
青蛙,青蛙,青蛙,1,1,1.0
小巴西龟,小|巴西龟,小|巴西|龟,2,3,0.25
大巴西龟,大|巴西龟,大巴|西龟,2,2,0.0
小草龟,小草|龟,小|草龟,2,2,0.0
大草龟,大草龟,大|草龟,1,2,0.0
大闸蟹,大闸蟹,大闸蟹,1,1,1.0
外塘甲鱼,外塘|甲鱼,外塘|甲鱼,2,2,1.0
无沙花蛤,无沙花|蛤,无沙花蛤,2,1,0.0
蛏子,蛏子,蛏子,1,1,1.0
蛤蜊,蛤蜊,蛤蜊,1,1,1.0
文蛤,文蛤,文蛤,1,1,1.0
中华鲟鱼,中华鲟|鱼,中华|鲟鱼,2,2,0.0
小彩龟,小彩龟,小|彩龟,1,2,0.0
安井火锅料,安井|火锅|料,安井|火锅料,3,2,0.25
安井亲亲肠,安井|亲亲|肠,安井|亲亲|肠,3,3,1.0
安井迷你燕饺,安井|迷你|燕饺,安井|迷你|燕饺,3,3,1.0
安井包心鱼丸,安井|包心|鱼丸,安井包心|鱼丸,3,2,0.25
安井爆汁鱼丸,安井|爆汁|鱼丸,安井|爆汁|鱼丸,3,3,1.0
安井北极翅,安井|北极|翅,安井|北极翅,3,2,0.25
安井甜不辣,安井|甜不辣,安井|甜|不|辣,2,4,0.2
安井霞迷饺,安井霞|迷饺,安井霞迷饺,2,1,0.0
安井鱼豆腐,安井鱼|豆腐,安井|鱼豆腐,2,2,0.0
安井包心鱼豆腐,安井|包心|鱼|豆腐,安井包心|鱼豆腐,4,2,0.0
安井Q鱼味板,安井|Q|鱼味板,安井|Q鱼|味板,3,3,0.2
安井千夜豆腐,安井千夜|豆腐,安井千夜|豆腐,2,2,1.0
安井撒尿牛肉丸,安井|撒尿|牛肉丸,安井|撒尿|牛肉丸,3,3,1.0
安井包心贡丸,安井|包心|贡丸,安井|包心|贡丸,3,3,1.0
安井仿虾丸,安井仿|虾丸,安井|仿|虾丸,2,3,0.25
安井夹心仿蟹排,安井|夹心|仿蟹|排,安井|夹心|仿蟹|排,4,4,1.0
安井夹心脆排,安井|夹心|脆排,安井|夹心|脆排,3,3,1.0
安井烤鱼棒,安井|烤鱼|棒,安井|烤鱼棒,3,2,0.25
安井水晶包,安井|水晶|包,安井|水晶|包,3,3,1.0
安井包心鱼卷,安井|包心|鱼卷,安井包心|鱼卷,3,2,0.25
安井紫薯糯米球,安井|紫薯|糯米|球,安井|紫薯|糯米球,4,3,0.4
安井小油条,安井小|油条,安井|小|油条,2,3,0.25
安井开花肠,安井|开花|肠,安井|开|花肠,3,3,0.2
面筋塞肉,面筋|塞肉,面筋|塞肉,2,2,1.0
油豆腐塞肉,油豆腐|塞肉,油豆腐|塞肉,2,2,1.0
文畅彩色年糕,文畅|彩色|年糕,文畅|彩色|年糕,3,3,1.0
无锡水面筋,无锡|水面|筋,无锡|水面|筋,3,3,1.0
四喜丸子,四喜|丸子,四喜丸子,2,1,0.0
津唯福袋,津|唯福袋,津唯|福袋,2,2,0.0
百叶包肉,百叶|包肉,百|叶|包肉,2,3,0.25
带鱼段（冻）,带鱼|段|（|冻|）,带鱼|段|（|冻|）,5,5,1.0
青川鱼（冻）,青川|鱼|（|冻|）,青川鱼|（|冻|）,5,4,0.5
冻虾（红）,冻虾|（|红|）,冻虾|（|红|）,4,4,1.0
冻虾（青）,冻虾|（|青|）,冻虾|（|青|）,4,4,1.0
青虾仁（冻）,青|虾仁|（|冻|）,青虾仁|（|冻|）,5,4,0.5
特级龙虾尾（冻）,特级|龙虾|尾|（|冻|）,特级|龙虾|尾|（|冻|）,6,6,1.0
原汁扇贝（冻）,原汁|扇贝|（|冻|）,原汁|扇贝|（|冻|）,5,5,1.0
皮皮虾（冻）,皮皮虾|（|冻|）,皮皮虾|（|冻|）,4,4,1.0
目鱼仔（冻）,目鱼|仔|（|冻|）,目|鱼仔|（|冻|）,5,5,0.42857142857142855
金鲳鱼（冻）,金|鲳鱼|（|冻|）,金鲳鱼|（|冻|）,5,4,0.5
刀鲳鱼（冻）,刀|鲳鱼|（|冻|）,刀|鲳鱼|（|冻|）,5,5,1.0
特价白鲳,特价|白鲳,特价|白鲳,2,2,1.0
鱿鱼头（冻）,鱿鱼|头|（|冻|）,鱿|鱼头|（|冻|）,5,5,0.42857142857142855
鱿鱼花（冻）,鱿鱼|花|（|冻|）,鱿鱼|花|（|冻|）,5,5,1.0
鱿鱼须（冻）,鱿鱼|须|（|冻|）,鱿鱼|须|（|冻|）,5,5,1.0
鱿鱼片（冻）,鱿鱼片|（|冻|）,鱿|鱼片|（|冻|）,4,5,0.5
鱿鱼圈（冻）,鱿鱼|圈|（|冻|）,鱿鱼圈|（|冻|）,5,4,0.5
国产带鱼（冻）,国产|带鱼|（|冻|）,国产|带鱼|（|冻|）,5,5,1.0
鲽鱼段（冻）,鲽|鱼段|（|冻|）,鲽鱼|段|（|冻|）,5,5,0.42857142857142855
草鱼鱼干（冻）,草鱼|鱼干|（|冻|）,草鱼|鱼干|（|冻|）,5,5,1.0
红利鱼（冻）,红利|鱼|（|冻|）,红利|鱼|（|冻|）,5,5,1.0
米鱼（冻）,米|鱼|（|冻|）,米鱼|（|冻|）,5,4,0.5
白菇鱼（冻）,白菇|鱼|（|冻|）,白菇鱼|（|冻|）,5,4,0.5
多宝鱼（冻）,多宝鱼|（|冻|）,多|宝鱼|（|冻|）,4,5,0.5
大黄鱼（冻）,大黄鱼|（|冻|）,大黄鱼|（|冻|）,4,4,1.0
干冰牛蛙,干冰|牛蛙,干冰|牛蛙,2,2,1.0
巴沙鱼段（冻）,巴|沙鱼|段|（|冻|）,巴沙鱼|段|（|冻|）,6,5,0.5714285714285714
巴沙鱼片（冻）,巴|沙鱼|片|（|冻|）,巴沙|鱼片|（|冻|）,6,5,0.375
巴沙鱼鳍（冻）,巴沙|鱼鳍|（|冻|）,巴沙鱼鳍|（|冻|）,5,4,0.5
鸦片鱼头（冻）,鸦片|鱼头|（|冻|）,鸦片|鱼头|（|冻|）,5,5,1.0
鸦片鱼身（冻）,鸦片|鱼身|（|冻|）,鸦片|鱼身|（|冻|）,5,5,1.0
贝柱（冻）,贝柱|（|冻|）,贝柱|（|冻|）,4,4,1.0
蓝口贝（冻）,蓝口贝|（|冻|）,蓝口|贝|（|冻|）,4,5,0.5
去头小黄鱼（冻）,去|头|小黄鱼|（|冻|）,去|头|小黄鱼|（|冻|）,6,6,1.0
大鲍鱼（冻）,大|鲍鱼|（|冻|）,大|鲍鱼|（|冻|）,5,5,1.0
青豆（冻）,青豆|（|冻|）,青豆|（|冻|）,4,4,1.0
蚕豆（冻）,蚕豆|（|冻|）,蚕豆|（|冻|）,4,4,1.0
荠菜（冻）,荠菜|（|冻|）,荠菜|（|冻|）,4,4,1.0
甜玉米（冻）,甜玉米|（|冻|）,甜|玉米|（|冻|）,4,5,0.5
水果玉米粒,水果|玉米粒,水果|玉米粒,2,2,1.0
玉米粒拼盘,玉米粒|拼盘,玉米粒|拼盘,2,2,1.0
小蚕蛹,小|蚕蛹,小|蚕蛹,2,2,1.0
大蚕蛹,大|蚕蛹,大|蚕蛹,2,2,1.0
烧烤纯牛肉串,烧烤|纯|牛肉|串,烧烤|纯|牛肉串,4,3,0.4
烧烤纯羊肉串,烧烤|纯|羊肉串,烧烤|纯|羊肉串,3,3,1.0
烧烤秋刀鱼,烧烤|秋刀鱼,烧烤|秋刀鱼,2,2,1.0
烧烤牛肚串,烧烤|牛肚|串,烧烤|牛肚串,3,2,0.25
烧烤鸡肉小串,烧烤|鸡肉|小串,烧烤|鸡肉|小串,3,3,1.0
烧烤小五花肉串,烧烤|小|五花肉|串,烧烤|小|五花肉串,4,3,0.4
烧烤鸡胗小串,烧烤|鸡|胗|小串,烧烤|鸡胗|小|串,4,4,0.14285714285714285
烧烤玉米粒串,烧烤|玉米粒|串,烧烤|玉米|粒串,3,3,0.2
烧烤鸭肠串,烧烤|鸭肠串,烧烤|鸭肠串,2,2,1.0
烧烤香肠串,烧烤|香肠|串,烧烤|香肠|串,3,3,1.0
烧烤面筋串,烧烤|面筋|串,烧烤|面筋|串,3,3,1.0
烧烤骨肉相连小串,烧烤|骨肉相连|小串,烧烤|骨肉相连|小串,3,3,1.0
烧烤脆骨串,烧烤|脆骨|串,烧烤|脆骨串,3,2,0.25
烧烤大骨串,烧烤|大骨串,烧烤|大骨串,2,2,1.0
烧烤鸡柳串,烧烤|鸡柳串,烧烤|鸡柳串,2,2,1.0
烧烤臭豆腐串,烧烤|臭豆腐|串,烧烤|臭豆腐|串,3,3,1.0
烧烤年糕串,烧烤|年糕|串,烧烤|年糕|串,3,3,1.0
烧烤五花肉大串,烧烤|五花肉|大串,烧烤|五花肉|大串,3,3,1.0
烧烤脆骨大串,烧烤|脆骨|大串,烧烤|脆骨|大串,3,3,1.0
烧烤鸭胗串,烧烤|鸭|胗|串,烧烤|鸭胗串,4,2,0.2
烧烤鸡皮串,烧烤|鸡皮|串,烧烤|鸡皮串,3,2,0.25
烧烤羊腰串,烧烤|羊腰|串,烧烤|羊腰串,3,2,0.25
烧烤鱿鱼须小串,烧烤|鱿鱼|须|小串,烧烤|鱿鱼|须|小|串,4,5,0.5
烧烤牛油串,烧烤|牛油|串,烧烤|牛油串,3,2,0.25
烧烤火龙串,烧烤|火龙|串,烧烤|火龙串,3,2,0.25
五星鸡块,五星|鸡块,五星|鸡块,2,2,1.0
雪花排条,雪花|排条,雪花|排条,2,2,1.0
南瓜饼,南瓜饼,南瓜|饼,1,2,0.0
薯条,薯条,薯条,1,1,1.0
鸡肉洋葱圈,鸡肉|洋葱|圈,鸡肉洋|葱圈,3,2,0.0
牙签肉,牙签|肉,牙|签肉,2,2,0.0
鸡米花,鸡米花,鸡米花,1,1,1.0
卡兹脆鸡排,卡兹脆|鸡排,卡兹脆|鸡排,2,2,1.0
纯肉烤肠,纯肉|烤肠,纯肉|烤肠,2,2,1.0
脆骨肠,脆骨|肠,脆骨|肠,2,2,1.0
雪花培根,雪花|培根,雪花|培根,2,2,1.0
鸡长爪,鸡长|爪,鸡长|爪,2,2,1.0
鸡短爪,鸡短|爪,鸡|短爪,2,2,0.0
鸡边腿,鸡边|腿,鸡边|腿,2,2,1.0
琵琶腿,琵琶|腿,琵琶|腿,2,2,1.0
鸡翅根,鸡翅|根,鸡翅|根,2,2,1.0
鹅胗,鹅|胗,鹅胗,2,1,0.0
鸡排腿,鸡排|腿,鸡排|腿,2,2,1.0
鸡胸脯,鸡|胸脯,鸡|胸脯,2,2,1.0
鸡肠（冻）,鸡肠|（|冻|）,鸡肠|（|冻|）,4,4,1.0
鸡胗（冻）,鸡|胗|（|冻|）,鸡胗|（|冻|）,5,4,0.5
鸡心（冻）,鸡心|（|冻|）,鸡心|（|冻|）,4,4,1.0
鸡翅中（冻）,鸡翅|中|（|冻|）,鸡翅|中|（|冻|）,5,5,1.0
香荷腊鸡腿（红）,香荷腊|鸡腿|（|红|）,香荷|腊鸡|腿|（|红|）,5,6,0.375
咸鸡腿（冻）,咸|鸡腿|（|冻|）,咸鸡腿|（|冻|）,5,4,0.5
鸭脖,鸭|脖,鸭脖,2,1,0.0
鸭头,鸭头,鸭头,1,1,1.0
鸭掌,鸭掌,鸭掌,1,1,1.0
鸭锁骨,鸭|锁骨,鸭锁骨,2,1,0.0
鸭半边,鸭|半边,鸭|半边,2,2,1.0
鸭边腿,鸭边|腿,鸭边|腿,2,2,1.0
鸭翅根,鸭翅根,鸭翅|根,1,2,0.0
鸭翅中,鸭翅中,鸭翅|中,1,2,0.0
鸭胗,鸭|胗,鸭胗,2,1,0.0
鸭肠,鸭肠,鸭肠,1,1,1.0
兔后腿,兔|后腿,兔后腿,2,1,0.0
乌鸡卷,乌鸡|卷,乌|鸡卷,2,2,0.0
鸭肉卷,鸭肉|卷,鸭肉|卷,2,2,1.0
羊肉卷,羊肉|卷,羊肉|卷,2,2,1.0
牛肉卷,牛肉|卷,牛肉卷,2,1,0.0
金牌肥牛卷,金牌|肥牛|卷,金牌|肥牛|卷,3,3,1.0
金牌肥羊卷,金牌|肥羊|卷,金牌|肥|羊卷,3,3,0.2
冰鲜海鲈鱼,冰鲜海|鲈鱼,冰鲜|海鲈鱼,2,2,0.0
冰鲜马胶鱼,冰鲜|马胶|鱼,冰鲜|马胶鱼,3,2,0.25
冰鲜八爪鱼,冰鲜八爪|鱼,冰鲜|八爪鱼,2,2,0.0
冰鲜大白鲳,冰鲜|大白|鲳,冰鲜|大白鲳,3,2,0.25
冰鲜金鲳鱼,冰鲜金|鲳鱼,冰鲜|金鲳鱼,2,2,0.0
冰鲜鱿鱼,冰鲜|鱿鱼,冰鲜|鱿鱼,2,2,1.0
冰鲜大黄鱼,冰鲜|大黄鱼,冰鲜|大黄鱼,2,2,1.0
冰鲜小黄鱼,冰鲜|小黄鱼,冰鲜|小黄鱼,2,2,1.0
冰鲜鸦片鱼头,冰鲜|鸦片|鱼头,冰鲜|鸦片|鱼头,3,3,1.0
冰鲜龙头鱼,冰鲜|龙头|鱼,冰鲜|龙头|鱼,3,3,1.0
冰鲜大带鱼,冰鲜大|带鱼,冰鲜|大|带鱼,2,3,0.25
冰鲜银鱼,冰鲜|银鱼,冰鲜|银鱼,2,2,1.0
冰鲜蚬子肉,冰鲜|蚬|子|肉,冰鲜|蚬子|肉,4,3,0.4
冰鲜螺蛳肉,冰鲜|螺蛳|肉,冰鲜|螺蛳肉,3,2,0.25
冰鲜河蚌肉,冰鲜|河蚌|肉,冰鲜河|蚌肉,3,2,0.0
冰鲜草鱼段,冰|鲜草|鱼段,冰鲜|草鱼|段,3,3,0.0
冰鲜草鱼头,冰|鲜草|鱼头,冰鲜|草鱼|头,3,3,0.0
冰鲜花莲鱼头,冰|鲜花|莲|鱼头,冰鲜|花莲|鱼头,4,3,0.16666666666666666
冰鲜花鲢鱼身,冰|鲜花|鲢鱼|身,冰鲜|花鲢|鱼身,4,3,0.0
冰鲜鲫鱼,冰鲜|鲫鱼,冰鲜|鲫鱼,2,2,1.0
冰鲜鳊鱼,冰鲜|鳊鱼,冰鲜|鳊鱼,2,2,1.0
冰鲜鲈鱼,冰鲜|鲈鱼,冰鲜|鲈鱼,2,2,1.0
花将军水饺,花|将军|水饺,花|将军|水饺,3,3,1.0
花将军汤圆,花|将军|汤圆,花|将军|汤圆,3,3,1.0
粽子（冻）,粽子|（|冻|）,粽子|（|冻|）,4,4,1.0
大闸蟹公,大闸蟹|公,大闸蟹|公,2,2,1.0
水产计件,水产|计件,水产|计件,2,2,1.0
冻品计件,冻品|计件,冻品|计件,2,2,1.0
大甲鱼,大|甲鱼,大甲鱼,2,1,0.0
大海螺,大|海螺,大|海螺,2,2,1.0
生耗,生耗,生耗,1,1,1.0
鳝丝,鳝丝,鳝丝,1,1,1.0
鸭全翅,鸭全|翅,鸭|全|翅,2,3,0.25
兔子,兔子,兔子,1,1,1.0
香辣鱼果,香辣|鱼果,香辣|鱼果,2,2,1.0
手抓饼（冻）,手|抓|饼|（|冻|）,手|抓饼|（|冻|）,6,5,0.5714285714285714
香辣鱼棒,香辣|鱼棒,香辣|鱼棒,2,2,1.0
安井蟹棒,安井蟹|棒,安井蟹棒,2,1,0.0
仿龙虾球,仿|龙虾|球,仿龙|虾球,3,2,0.0
百腰花,百|腰花,百腰花,2,1,0.0
彩虹卷,彩虹|卷,彩虹|卷,2,2,1.0
小布丁,小|布丁,小|布丁,2,2,1.0
安井火锅饺,安井|火锅|饺,安井|火锅饺,3,2,0.25
安井太湖燕饺,安井|太湖|燕饺,安井|太湖|燕饺,3,3,1.0
港洋虾滑,港洋|虾|滑,港洋|虾滑,3,2,0.25
南瓜饼（豆沙）,南瓜饼|（|豆沙|）,南瓜|饼|（|豆沙|）,4,5,0.5
鸡叉骨(冻),鸡叉骨|(|冻|),鸡叉骨|(|冻|),4,4,1.0
鸡骨架（冻）,鸡|骨架|（|冻|）,鸡|骨架|（|冻|）,5,5,1.0
鸽子（冻）,鸽子|（|冻|）,鸽子|（|冻|）,4,4,1.0
冰鲜大鱿鱼,冰鲜大|鱿鱼,冰鲜|大鱿鱼,2,2,0.0
8头鲍鱼,8|头|鲍鱼,8头鲍鱼,3,1,0.0
四不像,四不像,四不像,1,1,1.0
淡菜,淡菜,淡菜,1,1,1.0
冰鲜钓中带鱼,冰鲜|钓中|带鱼,冰鲜钓|中|带鱼,3,3,0.2
多宝鱼,多宝鱼,多|宝鱼,1,2,0.0
青蟹,青蟹,青蟹,1,1,1.0
海霸王火锅料,海霸王|火锅|料,海霸|王火|锅料,3,3,0.0
排条、鸡柳,排条|、|鸡柳,排条|、|鸡柳,3,3,1.0
青鱼段,青鱼|段,青鱼|段,2,2,1.0
青鱼,青鱼,青鱼,1,1,1.0
鸡翅尖,鸡翅|尖,鸡翅|尖,2,2,1.0
大鸭舌,大|鸭舌,大|鸭舌,2,2,1.0
鳕鱼片,鳕鱼|片,鳕鱼片,2,1,0.0
海霸王虾味饺,海霸王|虾味|饺,海霸|王|虾|味饺,3,4,0.0
杂鱼,杂鱼,杂鱼,1,1,1.0
南美熟虾,南美|熟虾,南美|熟虾,2,2,1.0
海蜇头,海蜇头,海蜇头,1,1,1.0
梭子蟹（冻）,梭子蟹|（|冻|）,梭子蟹|（|冻|）,4,4,1.0
三黄鸡（冻）,三黄鸡|（|冻|）,三|黄|鸡|（|冻|）,4,6,0.42857142857142855
血蛤,血蛤,血蛤,1,1,1.0
金鱼饲料,金鱼|饲料,金鱼|饲料,2,2,1.0
金鱼鱼缸,金鱼|鱼缸,金鱼|鱼缸,2,2,1.0
红烧脆骨丸,红烧|脆骨|丸,红烧脆|骨丸,3,2,0.0
香菇贡丸,香菇|贡丸,香菇|贡丸,2,2,1.0
安井蟹味宝,安井蟹|味宝,安井蟹|味宝,2,2,1.0
大白丝鱼,大白|丝鱼,大白|丝鱼,2,2,1.0
特大青鱼,特大|青鱼,特大|青鱼,2,2,1.0
特大草鱼,特大|草鱼,特大|草鱼,2,2,1.0
3.8斤以上甲鱼,3.8|斤|以上|甲鱼,3.8|斤|以上|甲鱼,4,4,1.0
4.8斤以上甲鱼,4.8|斤|以上|甲鱼,4.8|斤|以上|甲鱼,4,4,1.0
海蜇片,海蜇|片,海蜇片,2,1,0.0
半野生大黄鱼,半|野生|大黄鱼,半野生|大黄鱼,3,2,0.25
钓带8两到一斤,钓带|8|两到|一斤,钓带|8|两|到|一|斤,4,6,0.25
精品生蚝,精品|生|蚝,精品|生蚝,3,2,0.25
极品生蚝,极品|生|蚝,极品|生蚝,3,2,0.25
桶装海蜇头,桶装|海蜇头,桶装|海蜇头,2,2,1.0
桶装海蜇片,桶装|海蜇|片,桶装|海蜇片,3,2,0.25
大桂鱼,大|桂鱼,大|桂鱼,2,2,1.0
小鲳鱼,小|鲳鱼,小|鲳鱼,2,2,1.0
烧烤里脊肉大串,烧烤|里脊肉|大串,烧烤|里脊肉|大串,3,3,1.0
生蚝肉,生|蚝|肉,生蚝|肉,3,2,0.25
整箱带鱼,整箱|带鱼,整箱|带鱼,2,2,1.0
烧烤新疆小肉串,烧烤|新疆|小肉串,烧烤|新疆|小肉串,3,3,1.0
花将军肉汤圆,花|将军|肉|汤圆,花|将|军肉|汤圆,4,4,0.3333333333333333
青鱼干段,青鱼|干段,青鱼|干段,2,2,1.0
烧烤大肉青,烧烤|大肉|青,烧烤|大肉青,3,2,0.25
烧烤鸡胗大串,烧烤|鸡|胗|大串,烧烤|鸡胗|大串,4,3,0.4
烧烤鱼干串,烧烤|鱼干串,烧烤|鱼干串,2,2,1.0
烧烤50g鱿鱼板串,烧烤|50g|鱿鱼|板串,烧烤|50g鱿鱼|板串,4,3,0.4
烧烤100g鱿鱼板串,烧烤|100g|鱿鱼|板串,烧烤|100g鱿鱼|板串,4,3,0.4
烧烤掌中宝,烧烤|掌中宝,烧烤|掌中宝,2,2,1.0
烧烤翅尖串,烧烤|翅|尖串,烧烤|翅尖|串,3,3,0.2
烧烤脱骨鸡爪串,烧烤|脱骨|鸡爪|串,烧烤|脱骨鸡爪|串,4,3,0.4
烧烤千汁豆腐串,烧烤|千汁|豆腐|串,烧烤|千汁|豆腐串,4,3,0.4
烧烤鸡心串,烧烤|鸡心|串,烧烤|鸡心|串,3,3,1.0
烧烤无双剑翅串,烧烤|无双|剑翅串,烧烤|无|双|剑|翅串,3,5,0.14285714285714285
烧烤黄鱼串,烧烤|黄鱼|串,烧烤|黄鱼串,3,2,0.25
烧烤墨鱼仔串,烧烤|墨鱼|仔串,烧烤|墨鱼仔|串,3,3,0.2
烧烤龙飞凤舞串,烧烤|龙飞凤舞|串,烧烤|龙飞凤舞|串,3,3,1.0
烧烤章鱼足串,烧烤|章鱼|足串,烧烤|章鱼|足串,3,3,1.0
烧烤茄饼（肉）串,烧烤|茄饼|（|肉|）|串,烧烤|茄饼|（|肉|）|串,6,6,1.0
烧烤芝麻辣椒肉串,烧烤|芝麻|辣椒|肉串,烧烤|芝麻|辣椒|肉串,4,4,1.0
烧烤泡椒脆肚串,烧烤|泡椒脆|肚串,烧烤|泡椒|脆肚|串,3,4,0.16666666666666666
烧烤青椒软骨串,烧烤|青椒|软骨|串,烧烤|青椒|软骨串,4,3,0.4
烧烤鱼豆腐串,烧烤|鱼|豆腐|串,烧烤|鱼豆腐|串,4,3,0.4
翅中（奥尔良）,翅|中|（|奥尔良|）,翅中|（|奥尔良|）,5,4,0.5
地瓜丸,地瓜|丸,地瓜|丸,2,2,1.0
香脆耦合,香脆|耦合,香脆|耦合,2,2,1.0
小龙虾,小龙虾,小龙虾,1,1,1.0
特价昂刺鱼,特价|昂刺|鱼,特价|昂刺|鱼,3,3,1.0
千味大油条,千味大|油条,千味|大|油条,2,3,0.25
千味春卷,千味|春卷,千味|春卷,2,2,1.0
安井红糖馒头,安井|红糖|馒头,安井|红糖|馒头,3,3,1.0
思念黑米馒头,思念|黑米|馒头,思念|黑米|馒头,3,3,1.0
千味葱油花卷,千味|葱油|花卷,千味|葱油|花卷,3,3,1.0
安井肉松卷,安井|肉松|卷,安井|肉|松卷,3,3,0.2
安井紫薯卷,安井|紫薯|卷,安井|紫薯|卷,3,3,1.0
安井杂粮包,安井|杂粮|包,安井|杂粮|包,3,3,1.0
千味猪猪包,千味|猪猪|包,千味|猪|猪|包,3,4,0.5
千味小狗包,千味|小狗|包,千味|小狗|包,3,3,1.0
久念烧麦,久念|烧麦,久念|烧麦,2,2,1.0
久念大麻球,久念|大麻|球,久念|大|麻球,3,3,0.2
太阳鱼,太阳|鱼,太阳鱼,2,1,0.0
激浪鱼,激浪|鱼,激浪|鱼,2,2,1.0
千岛湖鲫鱼,千岛湖|鲫鱼,千岛湖|鲫鱼,2,2,1.0
特价小鲈鱼,特价|小|鲈鱼,特价|小|鲈鱼,3,3,1.0
特价白丝鱼,特价|白丝鱼,特价|白丝鱼,2,2,1.0
鱿鱼仔（干冻）,鱿鱼|仔|（|干冻|）,鱿|鱼仔|（|干冻|）,5,5,0.42857142857142855
章鱼足,章鱼|足,章鱼足,2,1,0.0
12头鲍鱼,12|头|鲍鱼,12|头|鲍鱼,3,3,1.0
特价鲍鱼,特价|鲍鱼,特价|鲍鱼,2,2,1.0
安井面点,安井|面点,安井|面点,2,2,1.0
龙虾（大）,龙虾|（|大|）,龙虾|（|大|）,4,4,1.0
小甲鱼,小|甲鱼,小|甲鱼,2,2,1.0
淡水石斑,淡水|石斑,淡水|石斑,2,2,1.0
深水石斑,深水|石斑,深水|石斑,2,2,1.0
好利旺红太阳盐蛋黄,好利旺|红太阳|盐|蛋黄,好利|旺红|太阳盐|蛋黄,4,4,0.14285714285714285
小强哥盐蛋黄,小强|哥盐|蛋黄,小|强哥|盐蛋黄,3,3,0.0
烧烤纯羊肉大串,烧烤|纯|羊肉|大串,烧烤|纯|羊肉|大串,4,4,1.0
烧烤纯牛肉大串,烧烤|纯|牛肉|大串,烧烤|纯|牛肉|大串,4,4,1.0
烧烤羊排串,烧烤|羊排|串,烧烤|羊排串,3,2,0.25
烧烤拉丝芝士棒,烧烤|拉丝|芝士|棒,烧烤|拉丝|芝士棒,4,3,0.4
烧烤青椒扇贝串,烧烤|青椒|扇贝|串,烧烤|青椒|扇|贝串,4,4,0.3333333333333333
烧烤金丝棒,烧烤|金丝|棒,烧烤|金丝棒,3,2,0.25
烧烤雪花棒,烧烤|雪花|棒,烧烤|雪花|棒,3,3,1.0
烧烤金丝鸡柳,烧烤|金丝|鸡柳,烧烤|金丝鸡|柳,3,3,0.2
中青龙虾,中|青|龙虾,中|青龙虾,3,2,0.25
山鸡,山鸡,山鸡,1,1,1.0
蒜蓉粉丝扇贝,蒜蓉|粉丝|扇贝,蒜蓉|粉丝|扇贝,3,3,1.0
小青龙虾,小青|龙虾,小|青龙虾,2,2,0.0
烧烤热狗,烧烤|热狗,烧烤|热狗,2,2,1.0
福海黑鱼片,福海|黑鱼|片,福海|黑鱼片,3,2,0.25
马面鱼,马面|鱼,马面鱼,2,1,0.0
鲷鱼片,鲷鱼|片,鲷鱼片,2,1,0.0
八爪鱼（冻）,八爪|鱼|（|冻|）,八|爪|鱼|（|冻|）,5,6,0.5714285714285714
梭子蟹,梭子蟹,梭子蟹,1,1,1.0
手工水饺,手工|水饺,手工|水饺,2,2,1.0
水饺,水饺,水饺,1,1,1.0
馄饨,馄饨,馄饨,1,1,1.0
汤圆,汤圆,汤圆,1,1,1.0
火锅丸,火锅|丸,火锅丸,2,1,0.0
烧烤系列,烧烤|系列,烧烤|系列,2,2,1.0
油炸系列,油炸|系列,油炸|系列,2,2,1.0
杂菜,杂菜,杂菜,1,1,1.0
长带鱼,长|带鱼,长|带鱼,2,2,1.0
青占鱼,青占鱼,青占鱼,1,1,1.0
精品带鱼段,精品|带鱼|段,精品|带鱼|段,3,3,1.0
龙虾尾,龙虾|尾,龙虾|尾,2,2,1.0
章鱼须,章鱼|须,章鱼|须,2,2,1.0
鱿鱼圈,鱿鱼|圈,鱿鱼圈,2,1,0.0
小黄鱼,小黄鱼,小黄鱼,1,1,1.0
墨鱼仔,墨鱼|仔,墨鱼仔,2,1,0.0
鱿鱼须,鱿鱼|须,鱿鱼|须,2,2,1.0
巴沙鱼柳,巴|沙鱼|柳,巴沙鱼|柳,3,2,0.25
扇贝肉,扇贝|肉,扇贝肉,2,1,0.0
花蛤肉,花蛤肉,花|蛤肉,1,2,0.0
鸦片鱼身,鸦片|鱼身,鸦片|鱼身,2,2,1.0
鸦片鱼头,鸦片|鱼头,鸦片|鱼头,2,2,1.0
青虾仁,青|虾仁,青虾仁,2,1,0.0
红虾仁,红|虾仁,红|虾仁,2,2,1.0
鸡翅中,鸡翅|中,鸡翅|中,2,2,1.0
鸡爪,鸡爪,鸡爪,1,1,1.0
安井火锅丸,安井|火锅|丸,安井|火锅丸,3,2,0.25
鸡大胸,鸡大胸,鸡|大|胸,1,3,0.0
鸡胗,鸡|胗,鸡胗,2,1,0.0
手抓饼,手|抓|饼,手|抓饼,3,2,0.25
鸭爪,鸭|爪,鸭爪,2,1,0.0
鸭脖子,鸭脖子,鸭|脖子,1,2,0.0
鸡心,鸡心,鸡心,1,1,1.0
半边鸭,半边|鸭,半边|鸭,2,2,1.0
水产计数,水产|计数,水产|计数,2,2,1.0
鲫鱼,鲫鱼,鲫鱼,1,1,1.0
鲈鱼,鲈鱼,鲈鱼,1,1,1.0
花鲢,花|鲢,花鲢,2,1,0.0
草鱼,草鱼,草鱼,1,1,1.0
甲鱼,甲鱼,甲鱼,1,1,1.0
海蜇丝,海蜇|丝,海蜇丝,2,1,0.0
基尾虾,基尾|虾,基尾虾,2,1,0.0
太湖1号,太湖|1|号,太湖|1号,3,2,0.25
大花甲,大|花甲,大|花甲,2,2,1.0
文哈,文哈,文哈,1,1,1.0
螺丝,螺丝,螺丝,1,1,1.0
鲍鱼,鲍鱼,鲍鱼,1,1,1.0
生蚝,生|蚝,生蚝,2,1,0.0
田螺,田螺,田螺,1,1,1.0
螺丝肉,螺丝|肉,螺丝肉,2,1,0.0
河蚌,河蚌,河蚌,1,1,1.0
龙虾,龙虾,龙虾,1,1,1.0
鱿鱼,鱿鱼,鱿鱼,1,1,1.0
里脊肉,里脊肉,里脊肉,1,1,1.0
豆沙包,豆沙包,豆沙|包,1,2,0.0
梅干菜包,梅干菜|包,梅干菜|包,2,2,1.0
水产计重,水产|计重,水产|计重,2,2,1.0
冻品计数,冻品|计数,冻品|计数,2,2,1.0
冻品计重,冻品|计重,冻品|计重,2,2,1.0
川香鸡柳,川香鸡|柳,川|香鸡|柳,2,3,0.25
沼虾,沼虾,沼虾,1,1,1.0
海霸王精品,海霸王|精品,海霸王|精品,2,2,1.0
青江鱼,青江|鱼,青江鱼,2,1,0.0
白鲢,白鲢,白鲢,1,1,1.0
生态甲鱼,生态|甲鱼,生态|甲鱼,2,2,1.0
龙胆石斑鱼,龙胆|石斑鱼,龙胆|石斑鱼,2,2,1.0
大闸蟹（只）,大闸蟹|（|只|）,大闸蟹|（|只|）,4,4,1.0
木鱼花,木|鱼花,木鱼|花,2,2,0.0
秋刀鱼,秋刀鱼,秋刀鱼,1,1,1.0
金鲳鱼,金|鲳鱼,金鲳鱼,2,1,0.0
凤爪,凤爪,凤爪,1,1,1.0
大海燕,大|海燕,大海燕,2,1,0.0
小海燕,小|海燕,小|海燕,2,2,1.0
小虾皮,小|虾皮,小|虾皮,2,2,1.0
大虾皮,大|虾皮,大|虾皮,2,2,1.0
鱿鱼干,鱿鱼干,鱿鱼|干,1,2,0.0
罗鱼,罗鱼,罗鱼,1,1,1.0
水晶鱼,水晶|鱼,水晶鱼,2,1,0.0
凤尾鱼,凤尾鱼,凤尾鱼,1,1,1.0
小红虾,小红虾,小红虾,1,1,1.0
乌仔,乌仔,乌仔,1,1,1.0
冰鲜鲳鳊鱼,冰鲜|鲳|鳊鱼,冰鲜|鲳鳊鱼,3,2,0.25
冰鲜小带鱼,冰鲜|小|带鱼,冰鲜|小|带鱼,3,3,1.0
干贝,干贝,干贝,1,1,1.0
锣鱼,锣鱼,锣鱼,1,1,1.0
小黄鱼（干）,小黄鱼|（|干|）,小黄鱼|（|干|）,4,4,1.0
安井小圆子,安井小|圆子,安井|小|圆子,2,3,0.25
毛肚,毛肚,毛肚,1,1,1.0
牛百叶,牛|百叶,牛百|叶,2,2,0.0
牛黄喉,牛黄|喉,牛|黄喉,2,2,0.0
黑椒鸡块,黑椒|鸡块,黑椒|鸡块,2,2,1.0
雪花鸡排,雪花|鸡排,雪花|鸡排,2,2,1.0
骨肉相连,骨肉相连,骨肉相连,1,1,1.0
玉米粒,玉米粒,玉米粒,1,1,1.0
碗豆,碗豆,碗豆,1,1,1.0
蚕豆,蚕豆,蚕豆,1,1,1.0
蚬子,蚬子,蚬子,1,1,1.0
咸鱼段,咸鱼|段,咸鱼|段,2,2,1.0
面筋串,面筋|串,面筋|串,2,2,1.0
大面筋串,大|面筋|串,大面|筋串,3,2,0.0
鱿鱼须串,鱿鱼|须串,鱿鱼|须|串,2,3,0.25
牛肉串,牛肉|串,牛肉串,2,1,0.0
羊肉串,羊肉串,羊肉串,1,1,1.0
奥尔良烤翅中,奥尔良|烤|翅|中,奥尔良|烤翅|中,4,3,0.4
奥尔良烤翅尖,奥尔良|烤|翅|尖,奥尔良|烤|翅尖,4,3,0.4
奥尔良烤全翅,奥尔良|烤|全翅,奥尔良烤|全翅,3,2,0.25
火龙串,火龙|串,火龙串,2,1,0.0
五花肉串,五花肉|串,五花肉串,2,1,0.0
开花肠,开花|肠,开|花肠,2,2,0.0
年糕串,年糕|串,年糕|串,2,2,1.0
鸭肠串,鸭肠串,鸭肠串,1,1,1.0
带鱼段,带鱼|段,带鱼|段,2,2,1.0
小酥肉,小|酥|肉,小|酥肉,3,2,0.25
香菇青菜包,香菇|青菜|包,香菇|青菜|包,3,3,1.0
香酥茄盒,香酥|茄盒,香酥|茄盒,2,2,1.0
炸地瓜干,炸|地瓜干,炸|地瓜|干,2,3,0.25
鲳鳊鱼,鲳|鳊鱼,鲳鳊鱼,2,1,0.0
鲫鱼2条,鲫鱼|2|条,鲫鱼|2|条,3,3,1.0
食品,食品,食品,1,1,1.0
雀巢威化散称,雀巢|威化|散称,雀巢|威化|散称,3,3,1.0
粗粮脆锅巴猫耳朵,粗粮|脆|锅巴|猫|耳朵,粗粮|脆|锅|巴|猫|耳朵,5,6,0.5714285714285714
散称泡吧糕点系列,散称|泡吧|糕点|系列,散称|泡|吧|糕点|系列,4,5,0.5
友臣糕点系列,友臣|糕点|系列,友臣|糕点|系列,3,3,1.0
盼盼手撕面包散称,盼盼手|撕|面包|散称,盼|盼手|撕面|包散|称,4,5,0.0
甘源炒货系列散称,甘源|炒货|系列|散称,甘源|炒货|系列|散称,4,4,1.0
耶米熊系列散称,耶米熊|系列|散称,耶米|熊|系列|散称,3,4,0.4
糖果/串串/豆干,糖果|/|串串|/|豆干,糖果|/|串串|/|豆干,5,5,1.0
徐福记糖果散称,徐福|记|糖果|散称,徐福记|糖果|散称,4,3,0.4
徐福记糕点散称,徐福|记|糕点|散称,徐福记|糕点|散称,4,3,0.4
徐福记巧克力散称,徐福|记|巧克力|散称,徐福记|巧克力|散称,4,3,0.4
倍爽豆干,倍|爽豆|干,倍爽|豆干,3,2,0.0
倍爽凤爪,倍|爽|凤爪,倍爽|凤爪,3,2,0.25
布鲁达糕点系列,布鲁达|糕点|系列,布鲁达糕|点|系列,3,3,0.2
长鼻王散称,长鼻|王散|称,长鼻|王|散称,3,3,0.2
卡夫闲趣散称,卡夫|闲趣|散称,卡夫|闲趣|散称,3,3,1.0
奥利奥散称,奥利奥|散称,奥利奥|散称,2,2,1.0
德芙MM散称,德芙|MM|散称,德芙MM|散称,3,2,0.25
德芙脆香米散称,德芙|脆|香米|散称,德芙脆|香米|散称,4,3,0.4
德芙巧克力散称,德芙|巧克力|散称,德芙|巧克力|散称,3,3,1.0
阿尔卑斯糖果散称,阿尔卑斯|糖果|散称,阿尔卑斯|糖果|散称,3,3,1.0
悠哈糖果散称,悠哈|糖果|散称,悠哈|糖果|散称,3,3,1.0
鼎丰饼干系列散称,鼎丰|饼干|系列|散称,鼎丰|饼干|系列|散称,4,4,1.0
鼎丰蛋糕系列散称,鼎丰|蛋糕|系列|散称,鼎丰|蛋糕|系列|散称,4,4,1.0
鼎丰小猪佩奇系列散称,鼎丰|小猪|佩奇|系列|散称,鼎丰|小猪佩奇|系列|散称,5,4,0.5
散称小嘛袋山楂,散称|小嘛袋|山楂,散称|小|嘛|袋|山楂,3,5,0.3333333333333333
馋嘴娃娃豆干辣条系列,馋嘴|娃娃|豆干|辣条|系列,馋嘴|娃娃|豆|干|辣条|系列,5,6,0.5714285714285714
馋嘴娃娃凤爪熟食系列,馋嘴|娃娃|凤爪|熟食|系列,馋嘴|娃娃|凤爪|熟食|系列,5,5,1.0
丹夫华夫系列散称,丹夫华夫|系列|散称,丹夫华夫|系列|散称,3,3,1.0
海之最系列散称,海之|最|系列|散称,海|之|最|系列|散称,4,5,0.5
好巴食豆干系列散称,好巴食|豆|干|系列|散称,好|巴食豆干|系列|散称,5,4,0.2857142857142857
