ItemClsCode,cat_id,ClassName
0126,0,低温液态奶
0307,1,内裤
0814,2,散称零食
0806,3,点心
0813,4,散称坚果
0801,5,散称糖果
0812,6,散称果冻
0803,7,散称干货
0818,8,炒货
0805,9,杂粮
012802,10,中秋月饼
0808,11,散称肉类.豆腐干
012302,12,饼干
012406,13,蛋类加工品
020504,14,玻璃器皿
0130,15,进口食品
012102,16,烟具
022208,17,须甲整理用品
060114,18,钟表类
0816,19,茶叶
012701,20,冰淇淋
012803,21,春节年货
012001,22,西洋酒
20,23,超市耗材
0309,24,冬至保暖
030103,25,丝袜
0305,26,毛巾
030702,27,女内裤
010901,28,成人奶粉
011902,29,黄酒
010701,30,袋装酱菜
010605,31,调味料
010401,32,袋装速食面/粉
010501,33,面条
011601,34,碳酸饮料
011501,35,盒装奶
2102,36,名酒
011901,37,白酒
1501,38,玩具
021208,39,对联挂历
011605,40,乳饮料
2101,41,香烟N
0602,42,玩具N
2203,43,处理商品
020404,44,塑料冷水壶/水瓶
022305,45,抽取装纸
052007,46,取暖器
052001,47,机械式电风扇
2103,48,烟花爆竹
1701,49,10%
1502,50,文具用品
011802,51,进口干红葡萄酒
011801,52,国产葡萄酒/果酒
1702,53,15%
012204,54,巧克力糖
0304,55,雨具
022004,56,头盔
011701,57,瓶装啤酒
0401,58,电池
012303,59,糕点/派
011702,60,灌装啤酒
012202,61,糖果
022207,62,计生用品
1703,63,20%
012301,64,膨化食品
011604,65,果汁饮料
012203,66,果冻
012401,67,袋装蜜饯类
010702,68,瓶装酱菜
0132,69,网红商品
011603,70,茶饮料
022112,71,牙膏
022110,72,牙刷
022105,73,口腔清洁用品
012705,74,冷冻汤圆
012703,75,饺子
010615,76,老抽
010602,77,调味酱
011201,78,涂抹酱
010619,79,调味汁
010616,80,生抽
010614,81,酱油
012405,82,休闲肉/豆制品
012201,83,胶母糖
011101,84,麦片谷物
012402,85,罐装蜜饯类
012205,86,玩具糖果
012305,87,蛋卷
012304,88,海苔类
0220,89,季节性用品
011002,90,咖啡饮料
011609,91,咖啡
0815,92,散称【花生.豆】
012403,93,袋装炒货类
040408,94,火机类
012704,95,冷冻包、点心
011102,96,早餐糊类
010403,97,碗装速食面/粉
012308,98,肉松
010404,99,桶装速食面/粉
011903,100,滋补酒
011401,101,奶酪
022302,102,纸尿裤
0209,103,一次性用品
022307,104,湿巾纸
022304,105,卷纸
022306,106,手帕纸
011602,107,饮用水
022201,108,脸部保养品
022203,109,身体保养品
022101,110,身体洗浴用品
022111,111,香皂
022103,112,洗发水
021701,113,家具清洁剂
021804,114,肥皂
021801,115,洗衣剂/洗衣粉
021705,116,浴厕清洁剂
020703,117,刀具及配件
041001,118,指甲钳等美容用具
021702,119,厨房清洁
011004,120,冲调用粉
021704,121,杀虫用品
021706,122,鞋油
021703,123,室内除臭芳香剂
011301,124,滋补保健品
021803,125,特殊衣物专用洗涤剂
022108,126,洗手液
010611,127,香醋
010612,128,陈醋
010610,129,白醋
010618,130,香油
010613,131,料酒
012902,132,腐竹/粉丝.
021802,133,衣物助洗剂
011606,134,其他饮料
010805,135,五谷罐头
022106,136,护发用品
022102,137,脸部清洁用品
012206,138,口香糖
2201,139,食用油
010405,140,速食主食
010606,141,淀粉
010201,142,火腿肠
010202,143,即食熟食
012501,144,宠物食品
022301,145,卫生巾
0306,146,文胸
011103,147,豆粉
012706,148,冷冻肉丸类
012801,149,端午粽子
022107,150,染发用品
051601,151,家用烹饪用品
040102,152,联营电池
011904,153,米酒
010402,154,杯装速食面/粉
012307,155,沙琪玛
051602,156,电饭煲
020604,157,汤锅
020606,158,压力锅
020602,159,蒸/炒锅
020710,160,其它厨房配件
020601,161,煎锅
010607,162,袋装白糖
0229,163,床上用品
030903,164,橡胶手套
021401,165,垃圾袋
021408,166,清洁用布
021306,167,其它卫浴用品
021405,168,拖把/拖把头
021406,169,扫把类
021407,170,刷子/掸子
021301,171,座厕配件
020705,172,厨房用具
020711,173,挂钩
021409,174,清洁配件
010503,175,面粉
010608,176,袋装红糖
022309,177,平板纸
0131,178,大米、杂粮
0302,179,拖鞋
021101,180,椅/凳
012903,181,各地食材干货
030904,182,口罩
020507,183,保温壶
020802,184,筷子
020704,185,砧板
020805,186,其它餐桌配件
011001,187,茶
1901,188,饰品
0408,189,汽车配件
011202,190,蜂蜜
030803,191,内衣
051702,192,多功能食品料理机
020406,193,密胺餐具
020403,194,塑料杯
021502,195,晾衣用具
021402,196,垃圾桶
021601,197,塑料收纳用具
021403,198,水盆
021404,199,水桶
021501,200,衣架
020709,201,厨房收纳
020708,202,滤筛
030101,203,男袜
030701,204,男内裤
010609,205,袋装冰糖
040901,206,插座/开关
030102,207,女袜
020101,208,烧烤用具及配件
051802,209,电动剃须刀
020508,210,保温桶/便当
010801,211,蔬果罐头
020301,212,陶瓷餐具
030302,213,鞋垫
010604,214,盐
030104,215,童袜
0230,216,皮革.箱包
020702,217,食物储存容器
020505,218,保温杯
020502,219,玻璃杯
021001,220,均价用品
051801,221,美发器
041002,222,匙扣
0404,223,手工具
020801,224,刀/叉/匙
0208,225,餐桌配件
020603,226,奶锅
020706,227,烹饪用具
030905,228,袖套
021308,229,镜子
021307,230,梳子
020503,231,烟灰缸
020608,232,煮水壶
0234,233,热水袋
020401,234,儿童餐具
0129,235,南北干货
030703,236,男童内裤
012901,237,菇/菌类
040202,238,手电筒/应急灯
040601,239,锁类
051603,240,电磁炉
040201,241,灯具
052006,242,灭蚊器
021303,243,浴室五金配件
051201,244,灶具用品
050101,245,音乐播放器附件
