itemclscode,ClassName
0101,腌制品
0102,常温调理品
0103,低温熟食
0104,速食食品
0105,煮粉面
0106,调味品
0107,酱菜类
0108,罐头食品
0109,奶粉
0110,冲调品
0111,早餐主食品
0112,早餐副食品
0113,保健食品
0114,乳/豆制品
0115,常温液态奶
0116,饮料
0117,啤酒
0118,葡萄酒/水果酒
0119,国产酒
0120,洋酒
0121,烟
0122,糖果巧克力
0123,饼干点心
0124,蜜饯/炒货/零食类
0125,宠物商品
0126,低温液态奶
0127,冷冻冷藏食品
0128,年节商品
0129,南北干货
0130,进口食品
0131,大米、杂粮
0132,网红商品
0201,野营用品
0202,园艺用品
0203,陶瓷器皿
0204,密胺/塑料器皿
0205,玻璃其它材质器皿
0206,锅具
0207,厨房配件
0208,餐桌配件
0209,一次性用品
0210,均价系列
0211,家具
0212,家居装饰
0213,卫浴用品
0214,家庭清洁用具m
0215,衣服整理用品
0216,家庭收纳用品
0217,清洁剂/杀灭类
0218,衣物洗涤剂
0219,美容用品
0220,季节性用品
0221,个人清洁品
0222,保健保养护理用品
0223,纸类用品
0224,婴儿用品
0225,针织
0226,五金
0227,眼镜
0228,家电数码
0229,床上用品
0230,皮革.箱包
0232,烟花
0233,自采.消耗品
0234,热水袋
0301,袜子
0302,拖鞋
0303,鞋配件
0304,雨具
0305,毛巾
0306,文胸
0307,内裤
0308,保暖内衣
0309,冬至保暖
0401,电池
0402,灯饰
0403,电动工具
0404,手工具
0405,工作/储具
0406,建筑五金
0407,粘胶/涂料
0408,汽车配件
0409,电料
0410,生活工具
0501,携式音乐播放器
0502,音响
0503,电视机及配件
0504,录放影机
0505,电子教学产品
0506,电脑软件及配件
0507,摄像器材
0508,办公事务机器
0509,空调
0510,洗衣机
0511,冰箱
0512,烹饪设备
0513,热水器
0514,洗碗机
0515,微波炉
0516,烹饪电器
0517,厨房电器
0518,浴室电器
0519,家用电器
0520,季节产品
0521,通讯器材
0522,保健类家电
0601,文具
0602,玩具N
0603,体育用品N
0701,熟食
0702,水产
0703,蔬菜
0704,冷冻肉品
0705,海产
0706,水果
0708,鲜肉
0709,酱菜
0710,豆制品
0711,蛋糕
0712,面点
0801,散称糖果
0802,蜜饯
0803,散称干货
0804,面包
0805,杂粮
0806,点心
0807,散称蛋糕
0808,散称肉类.豆腐干
0809,散称糖
0810,新鲜蛋
0811,散称大米
0812,散称果冻
0813,散称坚果
0814,散称零食
0815,散称【花生.豆】
0816,茶叶
0817,散称熟食
0818,炒货
0820,巧克力
0901,鞋子
0902,服饰
1001,洗发水N
1002,沐浴露
1003,保养品
1004,护发用品N
1005,化妆用品N
1007,口腔清洁用品N
1010,蚊香
1011,其他
1012,保湿保水
1013,化妆品套装
1101,件套
1102,床单
1103,被套
1104,枕套
1105,被子
1106,枕头.枕芯
1107,靠垫.坐垫
1201,皮带
1202,手提包
1203,钱包
1204,箱类
1205,包类
1206,书包
1501,玩具
1502,文具用品
1503,体育用品
1701,10%
1702,15%
1703,20%
1901,饰品
2101,香烟N
2102,名酒
2103,烟花爆竹
2201,食用油
2202,蛋
2203,处理商品
