ItemCode,ItemName,CategoryName,ActualCatId,PredictedCatId,ActualCatName,PredictedCatName
01002               ,粗粮脆锅巴猫耳朵,散称零食,2,3,散称零食,点心
01006               ,甘源炒货系列散称,散称坚果,4,2,散称坚果,散称零食
01015               ,长鼻王散称,点心,3,2,点心,散称零食
01038               ,双晓糖果散称（短保糕点）,散称糖果,5,2,散称糖果,散称零食
01050               ,双晓话梅/棕子糖,散称零食,2,5,散称零食,散称糖果
01058               ,然丽芬得豪士系列散称,点心,3,2,点心,散称零食
01101               ,兰花豆,炒货,8,93,炒货,袋装炒货类
01103               ,黄金豆,炒货,8,93,炒货,袋装炒货类
01104               ,酒香花生,炒货,8,7,炒货,散称干货
01122               ,豪士散称糕点,点心,3,2,点心,散称零食
01294               ,喜之郎CC散称,散称糖果,5,6,散称糖果,散称果冻
01301               ,散称长鼻王,点心,3,2,点心,散称零食
01328               ,妙可蓝多奶酪棒散称,散称糖果,5,3,散称糖果,点心
01330               ,溜溜梅散称,散称零食,2,6,散称零食,散称果冻
01345               ,杞裕隆红枸杞,杂粮,9,7,杂粮,散称干货
01349               ,天天特价处理,散称零食,2,7,散称零食,散称干货
06000025            ,百圣牛电子手表,钟表类,18,185,钟表类,砧板
1000000200171       ,时尚贝壳帽0171,毛巾,26,191,毛巾,内衣
10390001            ,欣江红红枣礼盒,散称干货,7,21,散称干货,春节年货
16920584471014      ,旺仔牛奶245ml*24,乳饮料,40,35,乳饮料,盒装奶
16921510972018      ,旺仔牛奶果汁味245ml*24,乳饮料,40,35,乳饮料,盒装奶
16921510972025      ,旺仔牛奶苹果味245ml*24,乳饮料,40,35,乳饮料,盒装奶
20060001            ,纸品大礼包,抽取装纸,45,105,抽取装纸,卷纸
3100000249397       ,拉斯卡冷光表,钟表类,18,185,钟表类,砧板
4014400924268       ,Knoppers牛奶榛子巧克力威化250g,进口食品,15,54,进口食品,巧克力糖
4054500525811       ,500ml爱士堡小麦啤酒听装,进口食品,15,60,进口食品,灌装啤酒
42001               ,散称特价糕点,糕点/派,59,2,糕点/派,散称零食
4711163911053       ,果汁味吸吸冻318g,袋装蜜饯类,67,85,袋装蜜饯类,罐装蜜饯类
4897050055656       ,90g樱木町铅笔形糖果（混合水果口味）,糖果,61,83,糖果,胶母糖
4897059688268       ,金津55g肉桂老陈皮,袋装蜜饯类,67,85,袋装蜜饯类,罐装蜜饯类
4897098191163       ,可可街轻咖小脆咖啡威化饼干,进口食品,15,12,进口食品,饼干
4897103500331       ,日本叮叮植物防叮水70ml,季节性用品,89,150,季节性用品,染发用品
4897122461231       ,深海鱼糕60g（原味）,饼干,12,59,饼干,糕点/派
4897124082359       ,吉野京都石榴红柚花露酒,饼干,12,15,饼干,进口食品
4901201103803       ,优诗诗速溶咖啡117号,进口食品,15,91,进口食品,咖啡
4978047232066       ,璞乐制果苹果汁饮料630g,饼干,12,65,饼干,果汁饮料
51002               ,金果实小袋蜂蜜薯仔,散称零食,2,11,散称零食,散称肉类.豆腐干
51020               ,好喜缘炒米,炒货,8,2,炒货,散称零食
51033               ,话梅瓜子,散称坚果,4,8,散称坚果,炒货
51044               ,特级云南生桃仁,散称坚果,4,2,散称坚果,散称零食
51046               ,广州社盛盐焗鸡蛋,散称零食,2,11,散称零食,散称肉类.豆腐干
51051               ,牛汁兰花豆,散称【花生.豆】,92,93,散称【花生.豆】,袋装炒货类
51069               ,旭峰小袋奶油花生,散称【花生.豆】,92,8,散称【花生.豆】,炒货
51070               ,来一口系列,散称肉类.豆腐干,11,2,散称肉类.豆腐干,散称零食
51080               ,百年树AA级即食红枣,散称零食,2,96,散称零食,早餐糊类
51093               ,白糖花生,点心,3,92,点心,散称【花生.豆】
51099               ,新疆无花果,散称零食,2,4,散称零食,散称坚果
51121               ,明亮光炒大豆,散称【花生.豆】,92,2,散称【花生.豆】,散称零食
51134               ,思宏小袋香酥芝麻脆枣,散称干货,7,11,散称干货,散称肉类.豆腐干
51135               ,口水娃非油炸薯片,点心,3,2,点心,散称零食
51137               ,可为精品桂圆干.红枣,散称干货,7,96,散称干货,早餐糊类
51156               ,油炸.奶油花生米,散称【花生.豆】,92,2,散称【花生.豆】,散称零食
51190               ,思宏小袋阿胶枣,散称零食,2,4,散称零食,散称坚果
5410126006049       ,和情焦糖饼干,进口食品,15,69,进口食品,网红商品
5410316518536       ,斯米诺皇冠伏特加  750ml,西洋酒,22,51,西洋酒,进口干红葡萄酒
5411681401775       ,海象啤酒330ml,瓶装啤酒,57,60,瓶装啤酒,灌装啤酒
5411681407005       ,白熊玫瑰红啤酒330ml,瓶装啤酒,57,60,瓶装啤酒,灌装啤酒
6901028075725       ,中华硬全开式,香烟N,41,16,香烟N,烟具
6901035610568       ,青岛清爽(箱),灌装啤酒,60,57,灌装啤酒,瓶装啤酒
6901035612593       ,青岛清爽(箱),灌装啤酒,60,57,灌装啤酒,瓶装啤酒
6901209270390       ,光明高钙奶酪棒,奶酪,101,35,奶酪,盒装奶
6901236334188       ,T0115 得宝7张4层12包无香迷你印花纸手帕,手帕纸,106,45,手帕纸,抽取装纸
6901236348949       ,维达初肌秘密洗脸巾抽取式,抽取装纸,45,104,抽取装纸,湿巾纸
6901236389249       ,T0131 得宝7张4层樱花味迷你印花纸手帕12包,手帕纸,106,45,手帕纸,抽取装纸
6901294080522       ,美加净人参活肤精华霜80g,身体保养品,109,108,身体保养品,脸部保养品
6901294361263       ,启初牛奶谷胚宝宝润肤露155ml,身体保养品,109,108,身体保养品,脸部保养品
6901333382723       ,南方芝麻糊组合装,春节年货,21,96,春节年货,早餐糊类
6901333382778       ,南方芝麻糊健康大礼组合装,春节年货,21,124,春节年货,滋补保健品
6901347884411       ,328ml椰树长寿泉矿泉水6连包,饮用水,107,40,饮用水,乳饮料
6901347884569       ,5L椰树长寿泉矿泉水,乳饮料,40,107,乳饮料,饮用水
6901496995808       ,梁丰400g麦乳精,冲调用粉,120,54,冲调用粉,巧克力糖
6901584194182       ,750ml张裕优选级千红,黄酒,29,52,黄酒,国产葡萄酒/果酒
6901586109757       ,佳丽掌香宝（清新柠檬）60g,浴厕清洁剂,116,123,浴厕清洁剂,室内除臭芳香剂
6901668937414       ,卡夫奥利奥经典夹心听388g（新）,春节年货,21,12,春节年货,饼干
6901668940506       ,亿滋奥利奥三款口味混合装388g,糕点/派,59,12,糕点/派,饼干
6901844594875       ,味好美30g研磨瓶双椒海盐,瓶装酱菜,68,31,瓶装酱菜,调味料
6901845046465       ,250ml百奇扁桃仁效果轻盈无糖坚果饮植物蛋,盒装奶,35,12,盒装奶,饼干
6901845046472       ,250ml百奇扁桃仁效果醇香原味坚果饮植物蛋,盒装奶,35,12,盒装奶,饼干
6901845046489       ,250ml百奇扁桃仁效果浓醇可可味坚果饮植物,盒装奶,35,12,盒装奶,饼干
6901894127283       ,白猫彩漂700g,特殊衣物专用洗涤剂,125,115,特殊衣物专用洗涤剂,洗衣剂/洗衣粉
6901939672235       ,果粒橙两联装,果汁饮料,65,34,果汁饮料,碳酸饮料
6901939672297       ,美汁源两联装,果汁饮料,65,34,果汁饮料,碳酸饮料
6902007119362       ,恒顺三年陈,料酒,131,128,料酒,陈醋
6902083813406       ,530电解质蔓越莓味,其他饮料,134,34,其他饮料,碳酸饮料
6902083896775       ,格瓦斯麦芽汁330ml,其他饮料,134,40,其他饮料,乳饮料
6902083916084       ,娃哈哈苏打水蜜桃,碳酸饮料,34,70,碳酸饮料,茶饮料
6902088320442       ,力士魅肤香皂迷情花语,香皂,111,110,香皂,身体洗浴用品
6902088411706       ,旁氏粉润焕亮洁面乳限量装,脸部清洁用品,137,108,脸部清洁用品,脸部保养品
6902088722451       ,奥妙酵素衣领净(组套),衣物助洗剂,133,115,衣物助洗剂,洗衣剂/洗衣粉
6902088922981       ,花木星球天然香氛内衣皂除菌抑菌,洗衣剂/洗衣粉,115,114,洗衣剂/洗衣粉,肥皂
6902088934861       ,金纺新纯净温和嘴立袋装,衣物助洗剂,133,112,衣物助洗剂,洗发水
6902088956313       ,凡士林亮肤隔离防晒乳,脸部清洁用品,137,109,脸部清洁用品,身体保养品
6902088965872       ,金纺Y23 衣物护理剂 纯净温和,衣物助洗剂,133,112,衣物助洗剂,洗发水
6902088967951       ,力士排浊除菌香皂盈润焕采山茶花香滋润美肌,牙膏,71,63,牙膏,20%
6902265480211       ,海天365高鲜500g,酱油,81,68,酱油,瓶装酱菜
6902265755319       ,750ml海天黑豆味极鲜,生抽,80,81,生抽,酱油
6902265801412       ,800ml海天白醋,香醋,127,129,香醋,白醋
6902265801719       ,800g海天豆瓣酱,调味酱,77,31,调味酱,调味料
6902538008470       ,600ML脉动两瓶装,碳酸饮料,34,70,碳酸饮料,茶饮料
6902538009040       ,600ML脉动沁爽青草味,茶饮料,70,34,茶饮料,碳酸饮料
6902890274735       ,双汇卤猪肝,即食熟食,143,142,即食熟食,火腿肠
6902890274742       ,双汇脱骨香肘,即食熟食,143,142,即食熟食,火腿肠
6902902013574       ,厨邦鲜味生抽1.25L,老抽,76,80,老抽,生抽
69030611            ,希宝精选鲣鱼猫粮罐头75g,宠物食品,144,205,宠物食品,袋装冰糖
6903102109777       ,燕京鲜啤2022（箱）,瓶装啤酒,57,60,瓶装啤酒,灌装啤酒
6903102110469       ,燕京鲜啤2022（6连罐）,瓶装啤酒,57,60,瓶装啤酒,灌装啤酒
6903148049167       ,飘柔清润去屑润发乳200g,护发用品,136,112,护发用品,洗发水
6903191301359       ,袋装芳香球,鞋油,122,116,鞋油,浴厕清洁剂
6903191303414       ,雪豹除菌艳漂,特殊衣物专用洗涤剂,125,116,特殊衣物专用洗涤剂,浴厕清洁剂
6903244683258       ,心相印湿厕纸系列40片装湿巾（小飞兔）,手帕纸,106,104,手帕纸,湿巾纸
6903244683821       ,心相印棉柔洗脸巾,抽取装纸,45,145,抽取装纸,卫生巾
6903633012607       ,法莱雅白兰地700ML,进口干红葡萄酒,51,52,进口干红葡萄酒,国产葡萄酒/果酒
6903633017480       ,欧伯爵白兰地700ML,进口干红葡萄酒,51,52,进口干红葡萄酒,国产葡萄酒/果酒
6904432930383       ,维维960g无蔗糖黑芝麻糊礼盒,春节年货,21,96,春节年货,早餐糊类
6904915641874       ,蜂花护肤保湿甘油(芦荟精华)80g,身体保养品,109,136,身体保养品,护发用品
6905734441256       ,650g旺旺大礼包,膨化食品,64,21,膨化食品,春节年货
6906754010248       ,800ml恒顺纯米醋,白醋,129,127,白醋,香醋
6906791583613       ,250ML阿华田特浓可可,膨化食品,64,40,膨化食品,乳饮料
6906791584740       ,50g阿华田可脆了蘸酱饼干,饼干,12,64,饼干,膨化食品
6907149227876       ,60g绿盛牛肉条（五香味）,袋装蜜饯类,67,82,袋装蜜饯类,休闲肉/豆制品
6907376504955       ,强生儿童活力亮泽洗发露 200ml,身体洗浴用品,110,112,身体洗浴用品,洗发水
6907476018208       ,广乐甜米酒820g,瓶装酱菜,68,77,瓶装酱菜,调味酱
6907992513393       ,伊利畅意100%乳酸菌原味100ml,盒装奶,35,40,盒装奶,乳饮料
6907992516042       ,伊利味可滋果汁桃桃荔枝茶饮料,果汁饮料,65,70,果汁饮料,茶饮料
6908791006475       ,三全300g豆沙南瓜饼,冷冻肉丸类,148,95,冷冻肉丸类,冷冻包、点心
6908791202037       ,三全300g小小组合（草莓+紫薯）,冷冻汤圆,74,148,冷冻汤圆,冷冻肉丸类
6908791300443       ,三全1360g葱油花卷,冷冻肉丸类,148,95,冷冻肉丸类,冷冻包、点心
6908791701455       ,三全500g爆汁烤肠（黑胡椒）,冷冻肉丸类,148,75,冷冻肉丸类,饺子
6908939077282       ,南翔200g三丝春卷,冷冻肉丸类,148,95,冷冻肉丸类,冷冻包、点心
6910019016289       ,100g纳爱斯祛痘皂,香皂,111,114,香皂,肥皂
6910019018023       ,百年400ML柔亮+200ML水润丝滑洗发露套装,20%,63,112,20%,洗发水
6910019023881       ,100g纳爱斯植物清源皂,洗衣剂/洗衣粉,115,114,洗衣剂/洗衣粉,肥皂
6910019026677       ,260ml超能运动球鞋除味喷雾剂,衣物助洗剂,133,125,衣物助洗剂,特殊衣物专用洗涤剂
6910019027773       ,850g超能衣物柔顺剂（薰衣草）,肥皂,114,133,肥皂,衣物助洗剂
6910019028053       ,500g超能抑菌洗手液（水漾茶香）,洗衣剂/洗衣粉,115,126,洗衣剂/洗衣粉,洗手液
6910019028510       ,500g*2超能抑菌洗手液（水漾茶香）,洗衣剂/洗衣粉,115,126,洗衣剂/洗衣粉,洗手液
6910019031558       ,780g雕牌活氧爆炸盐,洗衣剂/洗衣粉,115,116,洗衣剂/洗衣粉,浴厕清洁剂
6911474503154       ,绿力纯麦红茶310ml,茶饮料,70,65,茶饮料,果汁饮料
6911569119147       ,雨润午餐肉340g,即食熟食,143,142,即食熟食,火腿肠
6911569121553       ,雨润鲜嫩盐方250g,火腿肠,142,143,火腿肠,即食熟食
6911988018816       ,达利园120g牛角包（芝士）,饼干,12,59,饼干,糕点/派
6911988018823       ,达利园120g牛角包（牛油）,糕点/派,59,64,糕点/派,膨化食品
6911988042965       ,达利园320g休闲小零嘴,饼干,12,64,饼干,膨化食品
6914239206956       ,老恒和鲜上鲜绿色,料酒,131,77,料酒,调味酱
6914973109209       ,洁珊猫沙3L,宠物食品,144,113,宠物食品,家具清洁剂
6916306880021       ,平望小乳瓜200ml,袋装酱菜,30,77,袋装酱菜,调味酱
6917751468239       ,妙洁刮水器,一次性用品,103,170,一次性用品,刷子/掸子
6917751468512       ,妙洁金属钢丝球10颗装,一次性用品,103,119,一次性用品,厨房清洁
6917751469311       ,妙洁一次性马桶刷,一次性用品,103,171,一次性用品,座厕配件
6917751479471       ,妙洁一次性餐具组合,一次性用品,103,119,一次性用品,厨房清洁
6917751509970       ,妙洁衣物用粘尘器,一次性用品,103,174,一次性用品,清洁配件
6917878056210       ,雀巢咖啡 原醇特浓,咖啡,91,90,咖啡,咖啡饮料
6917878058276       ,雀巢金牌经典原味冻干咖啡(条装),膨化食品,64,91,膨化食品,咖啡
6917878069791       ,雀巢特调果萃草莓雪酪咖啡95g,膨化食品,64,91,膨化食品,咖啡
6917878354002       ,雀巢全仕牛乳茶260ml,咖啡饮料,90,40,咖啡饮料,乳饮料
6917878354026       ,雀巢全仕牛乳茶可可味250ml,咖啡饮料,90,40,咖啡饮料,乳饮料
6918196188560       ,268g苍花特色肉松礼盒,春节年货,21,98,春节年货,肉松
6918196188973       ,500g三听装仓花肉松礼盒,春节年货,21,98,春节年货,肉松
6918254509986       ,180g李记酸菜,袋装酱菜,30,31,袋装酱菜,调味料
6918678830024       ,李锦记黑椒汁-挤挤装,调味酱,77,79,调味酱,调味汁
6920130966301       ,220g雪海梅乡盐津葡萄,袋装蜜饯类,67,85,袋装蜜饯类,罐装蜜饯类
6920130972913       ,105g雪海梅乡芒果条,休闲肉/豆制品,82,67,休闲肉/豆制品,袋装蜜饯类
6920267903361       ,凤球唛43g青芥辣,涂抹酱,78,77,涂抹酱,调味酱
6920458827421       ,怡宝咖啡,咖啡,91,90,咖啡,咖啡饮料
6920458835570       ,怡宝水果水,果汁饮料,65,40,果汁饮料,乳饮料
6920709600704       ,富字85g菇香鸡肉包,冷冻包、点心,95,148,冷冻包、点心,冷冻肉丸类
6920775213174       ,梅香皮蛋50g,蛋类加工品,13,149,蛋类加工品,端午粽子
6920881302150       ,麦客雅 猴头菇,饼干,12,21,饼干,春节年货
6920904713179       ,一家K317A火锅筷30双,筷子,184,185,筷子,砧板
6920907805161       ,好丽友粒粒出超檬/苹果/蜜桃,胶母糖,83,138,胶母糖,口香糖
6920907807998       ,磨古力曲奇 黄油,饼干,12,64,饼干,膨化食品
6920920467285       ,恋味小虾皮,各地食材干货,181,31,各地食材干货,调味料
6920952767322       ,70g旺仔QQ糖（青苹果）,果冻,66,61,果冻,糖果
6920999707541       ,大宝水感多效防晒露50g（SPF50）,脸部清洁用品,137,108,脸部清洁用品,脸部保养品
6920999707626       ,大宝维他素E特润护手霜50g,身体保养品,109,108,身体保养品,脸部保养品
6921168485703       ,200g珍津小酥肉专用粉,调味料,31,141,调味料,淀粉
6921168594511       ,农夫果园桃子50% 450ml,茶饮料,70,65,茶饮料,果汁饮料
6921311140312       ,550ML康师傅喝开水12入,饮用水,107,70,饮用水,茶饮料
6921353001015       ,惠得利香辣猪肉脯,休闲肉/豆制品,82,93,休闲肉/豆制品,袋装炒货类
6921353090316       ,惠得利话桃肉,袋装蜜饯类,67,85,袋装蜜饯类,罐装蜜饯类
6921431290706       ,智仁400克纯玉米糊,冲调用粉,120,96,冲调用粉,早餐糊类
6921506122529       ,恒庆同聚堂好厨师宴会汁430ml,白醋,129,81,白醋,酱油
6921506163096       ,恒庆优陈500ml,陈醋,128,129,陈醋,白醋
6921506163126       ,恒庆优香500ml,香醋,127,129,香醋,白醋
6921555526798       ,今麦郎上品卤蛋（焗盐风味）,蛋类加工品,13,32,蛋类加工品,袋装速食面/粉
6921665700927       ,思念300g小小黑珍珠芝麻,冷冻汤圆,74,95,冷冻汤圆,冷冻包、点心
6921956645593       ,300g亨氏烧烤酱,涂抹酱,78,77,涂抹酱,调味酱
6922208403350       ,九阳JYZ-A510榨汁机,多功能食品料理机,192,151,多功能食品料理机,家用烹饪用品
6922266456466       ,清风平板纸250张,平板纸,177,45,平板纸,抽取装纸
6922266461835       ,清风Hello大白纸,抽取装纸,45,105,抽取装纸,卷纸
6922266463464       ,清风金装12包小规格BRC4SJ,抽取装纸,45,105,抽取装纸,卷纸
6922286912263       ,龙士达时尚苍拍,其它厨房配件,160,180,其它厨房配件,椅/凳
6922286915653       ,龙士达 L-1565 杰克卫生刷,刷子/掸子,170,172,刷子/掸子,厨房用具
6922286947661       ,龙士达CH-6373小黄人萌趣多彩小提桶,水桶,199,197,水桶,塑料收纳用具
6922286981672       ,龙士达 L-167 中号漏斗,厨房用具,172,197,厨房用具,塑料收纳用具
6922507828250       ,500g陈克明水磨糯米粉,面条,33,175,面条,面粉
6922779050076       ,多乐氏 BM-5007 多用途清洁刷,刷子/掸子,170,208,刷子/掸子,烧烤用具及配件
6922824004764       ,李锦记醇酿米醋,白醋,129,127,白醋,香醋
6922824006737       ,李锦记蒸鱼豉油,调味酱,77,79,调味酱,调味汁
6923146003381       ,泰森380g十翅一桶（奥尔良）,冷冻肉丸类,148,95,冷冻肉丸类,冷冻包、点心
6923240602640       ,安井800g芝麻汤圆,冷冻汤圆,74,95,冷冻汤圆,冷冻包、点心
6923485126246       ,今馋乐屁屁糖草莓味盒装100g,糖果,61,86,糖果,玩具糖果
6923496611830       ,聚源正500g拇指生煎包,冷冻肉丸类,148,95,冷冻肉丸类,冷冻包、点心
6923624800143       ,智皇牦牛骨髓加钙核桃粉,春节年货,21,124,春节年货,滋补保健品
6923631303170       ,过路人蜂巢蜜养按摩袜 G317,女袜,207,25,女袜,丝袜
6923719301418       ,一家人高纤低聚糖燕麦奶粉,滋补保健品,124,28,滋补保健品,成人奶粉
6924116181276       ,260g麻辣三师蒜香王,调味酱,77,68,调味酱,瓶装酱菜
6924160714529       ,无穷100g盐焗鸡蛋,蛋类加工品,13,82,蛋类加工品,休闲肉/豆制品
6924160714710       ,无穷25g虎皮蛋,蛋类加工品,13,82,蛋类加工品,休闲肉/豆制品
6924187833784       ,洽洽80g怪味豆（麻辣）,膨化食品,64,93,膨化食品,袋装炒货类
6924187858084       ,洽洽780g每日坚果,袋装炒货类,93,21,袋装炒货类,春节年货
6924187876576       ,洽洽350g坚果早餐燕麦片（酸奶水果）,春节年货,21,84,春节年货,麦片谷物
6924187892606       ,洽洽900G西瓜子(话梅味）,春节年货,21,93,春节年货,袋装炒货类
6924254681249       ,欢乐家2kg菠萝爽果粒果味饮品,果汁饮料,65,211,果汁饮料,蔬果罐头
6924254687739       ,欢乐家500ml时尚型椰子汁饮料,蔬果罐头,211,65,蔬果罐头,果汁饮料
6924293711204       ,TJ翔帆男女棉拖1120,拖鞋,179,163,拖鞋,床上用品
6924411750740       ,蒋巧娘鸡蛋面,面条,33,68,面条,瓶装酱菜
6924666109966       ,小龙人宝宝袜 5006-0,童袜,215,207,童袜,女袜
6924692220000       ,奥芝冠亲子袜2000,童袜,215,207,童袜,女袜
6924743932333       ,乐事分享大礼包,春节年货,21,64,春节年货,膨化食品
6924790600025       ,180g咪咪虾条（虾味）,饼干,12,64,饼干,膨化食品
6925019905907       ,姚记扑克牌0908,玩具N,42,58,玩具N,电池
6925272115457       ,清记野山椒,瓶装酱菜,68,77,瓶装酱菜,调味酱
6925303721244       ,统一鲜橙多,果汁饮料,65,70,果汁饮料,茶饮料
6925303733704       ,统一冰咖啡,咖啡饮料,90,91,咖啡饮料,咖啡
6925303797515       ,统一两块饼泡椒牛肉面大桶,桶装速食面/粉,99,154,桶装速食面/粉,杯装速食面/粉
6925350517791       ,相宜本草亮肤滋润持续抗氧礼盒,10%,49,53,10%,15%
6925406703444       ,桂峰低糖沙拉布酪128g*8,其他饮料,134,95,其他饮料,冷冻包、点心
6925414741292       ,宏腾烧椒辣椒酱280g,调味酱,77,68,调味酱,瓶装酱菜
6925666011112       ,皇宇香氛洁厕液促销装500ml*3,厨房清洁,119,116,厨房清洁,浴厕清洁剂
6925755532832       ,1.56kg荣诚和粽端礼,端午粽子,149,10,端午粽子,中秋月饼
6925755532863       ,2.11kg荣诚和粽祥礼B(23),端午粽子,149,10,端午粽子,中秋月饼
6925755535123       ,704g荣诚好运连年礼盒,春节年货,21,10,春节年货,中秋月饼
6925783100932       ,盒智力破壁灵芝孢子粉,冲调用粉,120,124,冲调用粉,滋补保健品
6925785604608       ,智力燕麦片,早餐糊类,96,84,早餐糊类,麦片谷物
6925785608248       ,70ml*8瓶智力阿胶燕窝饮品,滋补保健品,124,96,滋补保健品,早餐糊类
6925785608736       ,智力蛹虫草燕窝饮品,滋补保健品,124,120,滋补保健品,冲调用粉
6925927490717       ,丫丫虾肉饼200g（原味）,饼干,12,82,饼干,休闲肉/豆制品
6925927490724       ,丫丫虾肉饼100g（原味）,饼干,12,82,饼干,休闲肉/豆制品
6925927491561       ,丫丫虾肉饼180g（咸味）,饼干,12,64,饼干,膨化食品
6925927491578       ,丫丫虾肉饼76g（咸味）,饼干,12,82,饼干,休闲肉/豆制品
6926104961181       ,盐津铺子辣卤礼盒1084克,肉松,98,21,肉松,春节年货
6926213561883       ,80g阿一波阿一波裙带菜,各地食材干货,181,30,各地食材干货,袋装酱菜
6926292536352       ,日美5018旅行剪,刀具及配件,117,17,刀具及配件,须甲整理用品
6926419102224       ,苏琪小脆（椒麻味）,饼干,12,64,饼干,膨化食品
6926475203507       ,喜之郎脆脆冰袋装,其他饮料,134,66,其他饮料,果冻
6926687430364       ,希美食用纯碱,淀粉,141,30,淀粉,袋装酱菜
6926697830321       ,爱莎吉祥红中高腰女士内裤 3K032,女内裤,27,1,女内裤,内裤
6926809310055       ,TJ采顿男3双装精梳棉四季袜,女袜,207,203,女袜,男袜
6926896704973       ,香菇竹笋牛肉甜辣味,瓶装酱菜,68,77,瓶装酱菜,调味酱
6926896705185       ,吉香居玉米青椒酱,瓶装酱菜,68,77,瓶装酱菜,调味酱
6926997204655       ,稻花香卤蛋米线香辣牛肉味,碗装速食面/粉,97,140,碗装速食面/粉,速食主食
6927011960045       ,遇见两双装中筒女士暖暖袜 ME6004,女袜,207,203,女袜,男袜
6927034970021       ,金威龙JWL-7002m豪华喷塑衣叉,晾衣用具,195,202,晾衣用具,滤筛
6927235820064       ,家吉仕免洗净手凝露,洗手液,126,113,洗手液,家具清洁剂
6927427461013       ,雨丝加档加大连裤袜6101,女袜,207,25,女袜,丝袜
6927451401047       ,嘉顺3#焖烧煲3.8L 黑色贴花,陶瓷餐具,212,14,陶瓷餐具,玻璃器皿
6927553007178       ,可人 HS-0717 有节鞋扒32CM,衣架,200,186,衣架,其它餐桌配件
6927573110773       ,中沃2.5L果粒香橙,果汁饮料,65,70,果汁饮料,茶饮料
6927573132270       ,中沃含气拉罐500ml,碳酸饮料,34,70,碳酸饮料,茶饮料
6927594630366       ,清清美QM-3036多用长方形手提镜,镜子,229,197,镜子,塑料收纳用具
6927594670997       ,清清美QM-7099茶巾,清洁用布,166,230,清洁用布,梳子
6927594687285       ,清清美QM-8728饭盒,密胺餐具,193,210,密胺餐具,保温桶/便当
6927594687292       ,清清美QM-8729饭盒,密胺餐具,193,210,密胺餐具,保温桶/便当
6927687813010       ,淞泰ST-1301方形卫生刷,刷子/掸子,170,167,刷子/掸子,其它卫浴用品
6927717928967       ,骏雅JY342D炫彩烟缸,烟灰缸,231,14,烟灰缸,玻璃器皿
6928002374421       ,125g甘汁园木糖醇,罐装蜜饯类,85,205,罐装蜜饯类,袋装冰糖
6928303501182       ,竞达118万用盆碗夹,厨房用具,172,117,厨房用具,刀具及配件
6928303501588       ,竞达158翼式葡萄酒开,厨房用具,172,117,厨房用具,刀具及配件
6928312908224       ,千禾减盐耗油280g,瓶装酱菜,68,79,瓶装酱菜,调味汁
6928312943911       ,千禾零添加5°糯米香醋500ML,香醋,127,128,香醋,陈醋
6928804021899       ,美汁源葡萄气泡饮,果汁饮料,65,34,果汁饮料,碳酸饮料
6928804023343       ,400ml雪菲力乳茶鸭屎香奶茶,碳酸饮料,34,70,碳酸饮料,茶饮料
6930044166414       ,225g华味亨纸皮核桃,袋装炒货类,93,67,袋装炒货类,袋装蜜饯类
6930044167565       ,50g华味亨烤香鱼,休闲肉/豆制品,82,67,休闲肉/豆制品,袋装蜜饯类
6930044188713       ,100g华味亨麻辣牛肉,休闲肉/豆制品,82,93,休闲肉/豆制品,袋装炒货类
6930044188980       ,80g华味亨香辣蟹味棒,休闲肉/豆制品,82,67,休闲肉/豆制品,袋装蜜饯类
6930167786230       ,通宝TB-8623垃圾铲,厨房用具,172,170,厨房用具,刷子/掸子
6930271620543       ,木棉花竹纤维横条金银丝女袜2054,丝袜,25,207,丝袜,女袜
6930856483006       ,美灯400张高级超柔平板纸,平板纸,177,45,平板纸,抽取装纸
6930856490684       ,美灯260g,抽取装纸,45,177,抽取装纸,平板纸
6931585000243       ,百钻红豆沙馅（水性）400g,调味料,31,50,调味料,文具用品
6931710890381       ,爱林本色5连包精品400g,抽取装纸,45,105,抽取装纸,卷纸
6931743900682       ,乐林130g整切牛排,冷冻包、点心,95,148,冷冻包、点心,冷冻肉丸类
6931754568048       ,新韶关热得快A4,家用烹饪用品,151,206,家用烹饪用品,插座/开关
6931754568321       ,新韶关热得快A7-5,家用烹饪用品,151,209,家用烹饪用品,电动剃须刀
6931910001563       ,180ml小车飘香辣油,调味料,31,130,调味料,香油
6931958019247       ,370g旺来了金榜提名礼盒,膨化食品,64,21,膨化食品,春节年货
6932144112698       ,吴门桥原浆黄酒1.5L,白酒,37,29,白酒,黄酒
6932519401020       ,鹿角巷乳酸菌,乳饮料,40,59,乳饮料,糕点/派
6932624622358       ,光合生活110304-3053日式雪平锅18cm,煎锅,161,157,煎锅,汤锅
6932624622365       ,光合生活110304-3054日式雪平锅20cm,煎锅,161,157,煎锅,汤锅
6932624624147       ,光合生活110304-3069绿色科莱特煎锅φ26cm,煎锅,161,157,煎锅,汤锅
6932624624161       ,光合生活110304-3071绿色科莱特奶锅φ18cm,奶锅,226,157,奶锅,汤锅
6933075110340       ,盒黑五谷杂粮礼盒,麦片谷物,84,21,麦片谷物,春节年货
6933075110876       ,盒黑黑珍谷物礼盒,麦片谷物,84,21,麦片谷物,春节年货
6933228826647       ,樱花之秀CL-3001菜板架,厨房收纳,201,185,厨房收纳,砧板
6933426774498       ,泉林本色498张卫生纸K418,平板纸,177,45,平板纸,抽取装纸
6933509435186       ,罐家家麦即食燕麦,冲调用粉,120,84,冲调用粉,麦片谷物
6933509436510       ,罐家家麦益生元高钙蛋白粉,滋补保健品,124,120,滋补保健品,冲调用粉
6933641105428       ,400g澳美思佛山功夫桃酥,饼干,12,59,饼干,糕点/派
6933749002001       ,鲜吉多老抽王袋,老抽,76,31,老抽,调味料
6933749011454       ,鲜吉多香糟卤,调味汁,79,30,调味汁,袋装酱菜
6933749013182       ,鲜吉多茶叶蛋,袋装酱菜,30,31,袋装酱菜,调味料
6933749013861       ,鲜吉多牦牛肉酱,调味酱,77,68,调味酱,瓶装酱菜
6933749013885       ,鲜吉多香卤花生,袋装酱菜,30,31,袋装酱菜,调味料
6933749013977       ,鲜吉多水磨糯米粉,淀粉,141,175,淀粉,面粉
6933749014721       ,鲜吉多牛肉番茄小火锅,速食主食,140,31,速食主食,调味料
6934364811627       ,米老头台湾风味米酥（咸香芝士味）,沙琪玛,155,12,沙琪玛,饼干
6934468001306       ,五得利特精小麦粉5kg,大米、杂粮,178,175,大米、杂粮,面粉
6934468001504       ,五得利富强高筋粉5kg,大米、杂粮,178,175,大米、杂粮,面粉
6934468011176       ,5kg五得利金装雪花小麦粉,大米、杂粮,178,175,大米、杂粮,面粉
6934502300815       ,东鹏大咖经典拿铁（低糖）,咖啡饮料,90,134,咖啡饮料,其他饮料
6934502302437       ,东鹏白桃伏特别风味鸡尾酒,国产葡萄酒/果酒,52,134,国产葡萄酒/果酒,其他饮料
6934559354496       ,正大640g爆浆鸡排,冷冻肉丸类,148,95,冷冻肉丸类,冷冻包、点心
6934697930330       ,南京同仁堂驼奶高钙蛋白质粉,冲调用粉,120,96,冲调用粉,早餐糊类
6934697930439       ,南京同仁堂驼奶高钙蛋白质粉,春节年货,21,96,春节年货,早餐糊类
6934699601306       ,昊达HD-5233微波炉手套13*17CM,烹饪用具,227,193,烹饪用具,密胺餐具
6935064509104       ,张佳上海老酒,白酒,37,29,白酒,黄酒
6935107902923       ,160g三义山楂雪丽丝,袋装炒货类,93,67,袋装炒货类,袋装蜜饯类
6935107904262       ,128g三义香辣锅巴,袋装蜜饯类,67,93,袋装蜜饯类,袋装炒货类
6935107905382       ,110g三义东北黑木耳,菇/菌类,237,181,菇/菌类,各地食材干货
6935175477255       ,蓝色贵宾16,白酒,37,52,白酒,国产葡萄酒/果酒
6935590411025       ,恒欣梦幻轻泥,玩具,38,50,玩具,文具用品
6935590411049       ,恒欣梦幻轻泥,玩具,38,50,玩具,文具用品
6935706901693       ,佳得利JDL222-346斗牛犬杯（瓷盖+不锈钢勺,玻璃器皿,14,219,玻璃器皿,玻璃杯
6935706901723       ,佳得利JDL182-317休闲猫涟漪杯（瓷盖+带猫,玻璃器皿,14,194,玻璃器皿,塑料杯
6935706903932       ,佳得利JDL440-513古韵杯420ml,陶瓷餐具,212,14,陶瓷餐具,玻璃器皿
6935713001249       ,瑞丽达RLD-0124时尚洁地刷,刷子/掸子,170,168,刷子/掸子,拖把/拖把头
6935713001393       ,瑞丽达 RLD-XH0139m 飞尘勿扰实惠套扫,扫把类,169,168,扫把类,拖把/拖把头
6935718810372       ,希尔 AL1037 阿狸卡通勺,儿童餐具,234,224,儿童餐具,刀/叉/匙
6935718826427       ,希尔 LX2102 蓝象牛奶杯8*9.5*6cm,儿童餐具,234,194,儿童餐具,塑料杯
6935718899209       ,希尔 XE-991210 钻石置物盘,塑料收纳用具,197,234,塑料收纳用具,儿童餐具
6935820219537       ,1.2kg稻香村桃酥礼盒,春节年货,21,10,春节年货,中秋月饼
6935820227815       ,820g稻香村黄油曲奇,春节年货,21,12,春节年货,饼干
6935820227921       ,稻香村家庭装原味桃酥礼盒,春节年货,21,10,春节年货,中秋月饼
6935925604153       ,清蓝100%椰子水,低温液态奶,0,65,低温液态奶,果汁饮料
6936001307807       ,270g宏香记豆脯牛肉＋鹌鹑蛋（五香）,休闲肉/豆制品,82,69,休闲肉/豆制品,网红商品
6936532606776       ,A牌 A-120 打蛋器,刀具及配件,117,224,刀具及配件,刀/叉/匙
6936718311401       ,美的BL30J03绞肉机,多功能食品料理机,192,156,多功能食品料理机,电饭煲
6936791200098       ,500g龙利粉丝,腐竹/粉丝.,132,181,腐竹/粉丝.,各地食材干货
6936796402183       ,宏香记160g泰芒了芒果干,袋装蜜饯类,67,82,袋装蜜饯类,休闲肉/豆制品
6937198601976       ,盲盒抠饼8g,网红商品,69,12,网红商品,饼干
6937483605047       ,昂雄 AX-B504 健乐真空子弹杯480ml,保温杯,218,194,保温杯,塑料杯
6937506840356       ,三只松鼠200g燕窝银耳羹,春节年货,21,69,春节年货,网红商品
6937638107884       ,思宏新疆灰枣,南北干货,235,181,南北干货,各地食材干货
6937962133498       ,酸香爽金汤肥儿mini桶,袋装速食面/粉,32,99,袋装速食面/粉,桶装速食面/粉
6937962144715       ,康桶面韩式火鸡碗面,碗装速食面/粉,97,99,碗装速食面/粉,桶装速食面/粉
6938127420217       ,良木匠SJ20217水饺棒3件套,厨房用具,172,227,厨房用具,烹饪用具
6938514105086       ,梅见青梅酒330ml,西洋酒,22,57,西洋酒,瓶装啤酒
6938520401912       ,台尊TZ-A10圆形玻璃保鲜盒,厨房用具,172,14,厨房用具,玻璃器皿
6938647808175       ,新元祥多缤纷8PCS乐享水具(带盘)201226兰,玻璃器皿,14,212,玻璃器皿,陶瓷餐具
6938888881777       ,香飘飘烤奶茶（馨香黄茶）,茶饮料,70,120,茶饮料,冲调用粉
6938888883320       ,84g香飘飘馋嘴奶昔（红豆香葡）,其他饮料,134,65,其他饮料,果汁饮料
6939726310435       ,精品四海一家姜笋,调味料,31,30,调味料,袋装酱菜
6939886601848       ,家之伴电子脉冲点火器DH48,火机类,94,239,火机类,锁类
6939886610512       ,家之伴点胶工作手套7001,手工具,223,24,手工具,冬至保暖
6939947700169       ,40g江中猴姑早餐米稀杯装（米糊）,膨化食品,64,12,膨化食品,饼干
6939947700923       ,816g江中猴姑礼盒装,饼干,12,96,饼干,早餐糊类
6940108500108       ,老寿鑫60＊90〔10片〕成人卫生垫,卫生巾,145,102,卫生巾,纸尿裤
6940477401211       ,舒客宝贝儿童健齿牙膏6-12岁（鲜橙味）,20%,63,71,20%,牙膏
6940510900374       ,580ml丹玉镇江五年陈酿香醋,陈醋,128,127,陈醋,香醋
6940510903177       ,580ml丹玉镇江三年陈酿香醋,陈醋,128,127,陈醋,香醋
6940517512648       ,800g麦吉士秘方鲜蛋糕礼盒,春节年货,21,59,春节年货,糕点/派
6940695917174       ,永亮嘎嘎鸭兔萌干发帽1717,毛巾,26,24,毛巾,冬至保暖
6940971268693       ,小熊ZDH-Q15W7电热水壶苹果绿,煮水壶,232,151,煮水壶,家用烹饪用品
6941254703627       ,七匹狼鸿运女袜 20362 1*12,女袜,207,203,女袜,男袜
6941254783452       ,七匹狼提字系列鸿运袜 21168,内裤,1,203,内裤,男袜
6941306306738       ,艾蒂安-脱醇草莓起泡酒,西洋酒,22,52,西洋酒,国产葡萄酒/果酒
6941326928538       ,2853闹钟,电动剃须刀,209,18,电动剃须刀,钟表类
6941386322499       ,42°人参枸杞酒 150ml,白酒,37,100,白酒,滋补酒
6941499136297       ,350g福临门优质单晶冰糖,袋装白糖,162,205,袋装白糖,袋装冰糖
6941667507959       ,珠丽雅日式梅子酒,米酒,153,52,米酒,国产葡萄酒/果酒
6941708900114       ,瓶盒藏锋阁洋槐礼盒蜂蜜,冲调用粉,120,190,冲调用粉,蜂蜜
6941708900497       ,瓶藏锋阁柚子茶,冲调用粉,120,190,冲调用粉,蜂蜜
6941708900503       ,瓶藏锋阁柠檬茶,冲调用粉,120,190,冲调用粉,蜂蜜
6941789103022       ,顺祥大号浮雕保鲜碗850ML(北欧物语）,玻璃器皿,14,212,玻璃器皿,陶瓷餐具
6941887680098       ,美翔MX-8009大号豪华婴儿浴盆81*46*25,水盆,198,180,水盆,椅/凳
6941928610855       ,3.6°萨罗娜原浆白啤1L,瓶装啤酒,57,60,瓶装啤酒,灌装啤酒
6942032904205       ,兔之力空调清洗剂,浴厕清洁剂,116,113,浴厕清洁剂,家具清洁剂
6942209671336       ,三只松鼠高钙嫩牛乳吐司双提礼/650g*2,春节年货,21,69,春节年货,网红商品
6942813804298       ,丹夫巧克力薄脆,饼干,12,54,饼干,巧克力糖
6942813804397       ,丹夫黄油薄脆,饼干,12,21,饼干,春节年货
6943223355264       ,贴钻石金JLS-54-5白8件套钻石水具,陶瓷餐具,212,36,陶瓷餐具,名酒
6943334513843       ,大宇李轻轻水果奶盖沙琪玛,网红商品,69,155,网红商品,沙琪玛
6943519500439       ,心香园生粉180g,淀粉,141,31,淀粉,调味料
6943776602167       ,华兴泰0216葡萄牙夹柄1号叉,厨房用具,172,224,厨房用具,刀/叉/匙
6943776602297       ,萌吉吉0229镀金一支汤匙A款,刀具及配件,117,172,刀具及配件,厨房用具
6943776641319       ,华兴泰4131苹果切（吸塑）,刀具及配件,117,224,刀具及配件,刀/叉/匙
6943776648912       ,萌吉吉18CM雪平锅,刀/叉/匙,224,227,刀/叉/匙,烹饪用具
6943776650816       ,华兴泰5081钢柄砂光汤勺,烹饪用具,227,224,烹饪用具,刀/叉/匙
6944058316666       ,雅璐斯孕妇连裤袜50D1666,女袜,207,204,女袜,男内裤
6944058380018       ,雅璐斯T裆极薄连裤袜8001,丝袜,25,1,丝袜,内裤
6944349263624       ,佑康360g手撕青春卷,冷冻包、点心,95,148,冷冻包、点心,冷冻肉丸类
6945113800335       ,海泰藤篮40*30*8,塑料收纳用具,197,169,塑料收纳用具,扫把类
6945232702275       ,川阿姨益母红糖,袋装红糖,176,162,袋装红糖,袋装白糖
6945232703364       ,川阿姨月子（姜枣）红糖,袋装红糖,176,31,袋装红糖,调味料
6945794464185       ,顺祥缤纷大号维雅双耳保鲜碗800ML,玻璃器皿,14,212,玻璃器皿,陶瓷餐具
6947094110687       ,冠祥新中式兰花水具套装,玻璃器皿,14,212,玻璃器皿,陶瓷餐具
6947127611501       ,捷康JK-1150香氛背心式大大卷垃圾袋45cm*60,均价用品,220,165,均价用品,垃圾袋
6947127611600       ,捷康JK-1160背心式垃圾袋45cm*60cm*35只*3,均价用品,220,165,均价用品,垃圾袋
6947127612379       ,"捷康JK-1237""浣洗好手”牛筋家务手套",一次性用品,103,220,一次性用品,均价用品
6947127612409       ,捷康JK-1240浣洗好手牛筋家务手套加长款 ,冬至保暖,24,220,冬至保暖,均价用品
6947127613246       ,捷康JK-1324绵柔洗碗巾30*30*3片,清洁用布,166,220,清洁用布,均价用品
6947127614281       ,捷康JK-1428“蹭蹭亮”魔力擦,厨房清洁,119,220,厨房清洁,均价用品
6947127616483       ,捷康JK-1648乐满满塑碗500ml,儿童餐具,234,194,儿童餐具,塑料杯
6947127616490       ,捷康JK-1649乐滋味塑碗,儿童餐具,234,220,儿童餐具,均价用品
6947127631011       ,捷康JK-3101皮面圆凳,椅/凳,180,220,椅/凳,均价用品
6947127651033       ,安可馨 AKX-5103 金钢袋三卷装43*52*30只*3,一次性用品,103,165,一次性用品,垃圾袋
6947127652733       ,安可馨AKX-5273长方形铝箔餐盘5只装,儿童餐具,234,186,儿童餐具,其它餐桌配件
6947127653273       ,安可馨AKX-5327袋装三合一密实袋,塑料收纳用具,197,103,塑料收纳用具,一次性用品
6947127653419       ,安可馨AKX-5341甜品勺（10只）,刀/叉/匙,224,103,刀/叉/匙,一次性用品
6947127653426       ,安可馨AKX-5342水果叉（10支）,刀/叉/匙,224,103,刀/叉/匙,一次性用品
6947127655451       ,安可馨AKX-5545袋装烧烤签100支,烧烤用具及配件,208,103,烧烤用具及配件,一次性用品
6947127655710       ,安可馨AKX-5571棉签袋装超值装1000支（10包,均价用品,220,103,均价用品,一次性用品
6947127660066       ,安可馨 AKX-6006 天然竹筷加长款50双,筷子,184,103,筷子,一次性用品
6947127665092       ,安可馨AKX-6509圆形晒衣架,衣架,200,220,衣架,均价用品
6947127669014       ,安可馨 AKX-6901 超值套扫,扫把类,169,103,扫把类,一次性用品
6947773600126       ,潮香村270g葡式酥皮蛋挞,冷冻肉丸类,148,95,冷冻肉丸类,冷冻包、点心
6947773602427       ,潮香村400g香脆薯条,冷冻肉丸类,148,95,冷冻肉丸类,冷冻包、点心
6947929617466       ,法丽兹550g曲奇礼盒（巧克力）,饼干,12,21,饼干,春节年货
6948195897057       ,香满园无抗鲜鸡蛋1.5kg,蛋类加工品,13,140,蛋类加工品,速食主食
6948207031066       ,紫魅坊LK-3106印花罩衣,晾衣用具,195,55,晾衣用具,雨具
6948207090025       ,紫魅坊 LK-9002 中号蕾丝菜罩,其它厨房配件,160,195,其它厨房配件,晾衣用具
6948207091145       ,紫魅坊 LK-9114 正方梦幻菜罩,其它厨房配件,160,228,其它厨房配件,袖套
6948505417173       ,1L六月鲜零添加特级生抽,老抽,76,80,老抽,生抽
6948545800157       ,富贵缘红薯汤粉,腐竹/粉丝.,132,181,腐竹/粉丝.,各地食材干货
6948765200102       ,狮源碱面,淀粉,141,31,淀粉,调味料
6948765200447       ,狮源红薯粉条（宽）,腐竹/粉丝.,132,31,腐竹/粉丝.,调味料
6948765202052       ,狮源熟芝麻,调味料,31,205,调味料,袋装冰糖
6948934605264       ,顺艺 SY526 塑料小衣夹20只,衣架,200,195,衣架,晾衣用具
6948934605660       ,顺艺 SY566 天然竹衣夹20只,衣架,200,195,衣架,晾衣用具
6949123368106       ,飞科夹板6810,美发器,221,209,美发器,电动剃须刀
6950361040808       ,210g永和甜豆浆粉,膨化食品,64,147,膨化食品,豆粉
6950361041003       ,300g永和甜豆浆粉,膨化食品,64,147,膨化食品,豆粉
6950361041027       ,300g永和经典原味豆浆粉,膨化食品,64,147,膨化食品,豆粉
6950361041034       ,510g永和甜豆浆粉,膨化食品,64,147,膨化食品,豆粉
6950361041058       ,510g永和经典原味豆浆粉,膨化食品,64,147,膨化食品,豆粉
6951097106974       ,丽尊LZ060201大肚壶,玻璃杯,219,14,玻璃杯,玻璃器皿
6951097113330       ,波匠BJB502A亚瑟把杯（中）440ml,玻璃杯,219,14,玻璃杯,玻璃器皿
6951196883257       ,珀莱雅羊绒连裤袜88325,丝袜,25,204,丝袜,男内裤
6951661900052       ,祥光5L鸣音水壶B型,塑料冷水壶/水瓶,44,232,塑料冷水壶/水瓶,煮水壶
6951661900069       ,祥光6L鸣音水壶B型,塑料冷水壶/水瓶,44,232,塑料冷水壶/水瓶,煮水壶
6951965300466       ,大成385g汉堡,冷冻包、点心,95,148,冷冻包、点心,冷冻肉丸类
6951965300510       ,大成330g洋葱卷,冷冻肉丸类,148,95,冷冻肉丸类,冷冻包、点心
6952480090184       ,80g溜溜无核蜂蜜味青梅罐装,罐装蜜饯类,85,67,罐装蜜饯类,袋装蜜饯类
6953019811034       ,希尔XE-1005冬日雪樱饭勺21.3*7cm,刀/叉/匙,224,234,刀/叉/匙,儿童餐具
6953036403564       ,德华原味奶,冰淇淋,20,95,冰淇淋,冷冻包、点心
6953125321786       ,顺美SM-2178小猴子儿童凳,椅/凳,180,194,椅/凳,塑料杯
6953125367265       ,尚泰SM-6726乐饮随身水瓶1500ML,塑料冷水壶/水瓶,44,194,塑料冷水壶/水瓶,塑料杯
6953125369870       ,尚泰SM-6987狐狸儿童吸水壶395ml,塑料冷水壶/水瓶,44,194,塑料冷水壶/水瓶,塑料杯
6953125380653       ,尚泰 ST-8065 随手温显杯,保温杯,218,194,保温杯,塑料杯
6953125381902       ,尚泰 ST-8190 便携焖泡杯480ml,保温杯,218,194,保温杯,塑料杯
6953125382213       ,尚泰 ST-8221 旅行壶2.0L,保温杯,218,183,保温杯,保温壶
6953349814880       ,九阳K15-F23双层蓝色开水壶,煮水壶,232,151,煮水壶,家用烹饪用品
6953942102186       ,施密特SF-200-04A全钢饭盒（本、金）2000ml,密胺餐具,193,183,密胺餐具,保温壶
6953942102254       ,施密特SS-060-02A战神杯（军绿、深蓝）600m,保温杯,218,224,保温杯,刀/叉/匙
6953957906175       ,2.5g*5添乐卡通王海苔卷（原味）,膨化食品,64,88,膨化食品,海苔类
6954035408598       ,客满多KB1859快乐时光旅行套装,厨房用具,172,184,厨房用具,筷子
6954035486923       ,客满多 MA8692 乌檀木饭勺,厨房用具,172,224,厨房用具,刀/叉/匙
6954456668878       ,大金花精品耳套,冬至保暖,24,23,冬至保暖,超市耗材
6954712762005       ,好力得打气筒6201,手工具,223,243,手工具,浴室五金配件
6954712790305       ,好力得膨胀管螺丝组合15510（10),浴室五金配件,243,223,浴室五金配件,手工具
6955113570336       ,和畅 HQ-7033 塔形皮吸,座厕配件,171,170,座厕配件,刷子/掸子
6955113570343       ,和畅 HQ-7034 大吸力皮吸,座厕配件,171,170,座厕配件,刷子/掸子
6955735333029       ,美思尔MSE-3302时尚水勺1.5L,刀/叉/匙,224,194,刀/叉/匙,塑料杯
6955735393214       ,美思尔 MSE-9321 时尚手提箱,塑料收纳用具,197,201,塑料收纳用具,厨房收纳
6956155496691       ,《汇欣》特技车,超市耗材,23,42,超市耗材,玩具N
6956416205390       ,乔雅浓香美式摩登罐,其他饮料,134,65,其他饮料,果汁饮料
6956511942565       ,三只松鼠鼠你最牛掰零食大礼包,网红商品,69,21,网红商品,春节年货
6956511957613       ,三只松鼠四方来喜坚果礼盒,网红商品,69,21,网红商品,春节年货
6956511988136       ,三只松鼠森林礼盒,网红商品,69,21,网红商品,春节年货
6956881302198       ,麦客雅 法颂臻品,饼干,12,21,饼干,春节年货
6957389119318       ,张小泉典雅系列尖勺1#,刀具及配件,117,224,刀具及配件,刀/叉/匙
6957427660581       ,顾大嫂炸酱面,桶装速食面/粉,99,32,桶装速食面/粉,袋装速食面/粉
6957427660598       ,顾大嫂133G红油拌面,桶装速食面/粉,99,32,桶装速食面/粉,袋装速食面/粉
6957677701850       ,320g亚克西番茄沙司(袋),调味料,31,78,调味料,涂抹酱
6957686716197       ,13.5张裕摩赛尔传奇赤霞珠,国产葡萄酒/果酒,52,37,国产葡萄酒/果酒,白酒
6957723200290       ,108g梦犹香葡萄干,各地食材干货,181,67,各地食材干货,袋装蜜饯类
6958624900067       ,鹰飞270g小米糕,冷冻肉丸类,148,95,冷冻肉丸类,冷冻包、点心
6959316128196       ,2819A展达小兔面条机,文具用品,50,38,文具用品,玩具
6970032250206       ,540g妙管家水管疏通剂,浴厕清洁剂,116,123,浴厕清洁剂,室内除臭芳香剂
6970032250879       ,500g妙管家马桶抑菌香氛喷雾N1,室内除臭芳香剂,123,119,室内除臭芳香剂,厨房清洁
6970032250978       ,360ml妙管家空调除菌喷雾,厨房清洁,119,123,厨房清洁,室内除臭芳香剂
6970175115622       ,瓷纳雅（1112）干饭熊直身盖杯带勺380ml,玻璃器皿,14,212,玻璃器皿,陶瓷餐具
6970175116780       ,瓷纳雅（1152）简约纹理口杯450ml,陶瓷餐具,212,14,陶瓷餐具,玻璃器皿
6970219181194       ,安可馨 AKX-A119 透明品酒杯45ML*20只,玻璃杯,219,103,玻璃杯,一次性用品
6970219181538       ,安可馨 AKX-A153 站立式密实袋宽25只（宽18,一次性用品,103,165,一次性用品,垃圾袋
6970219181835       ,安可馨 AKX-A183 烤盘纸25*35cm*10张,烧烤用具及配件,208,167,烧烤用具及配件,其它卫浴用品
6970219181842       ,安可馨 AKX-A184 空气炸锅纸本色16*4.5cm*3,烧烤用具及配件,208,103,烧烤用具及配件,一次性用品
6970219185307       ,安可馨 AKX-A530 环形美腿器,身体保养品,109,229,身体保养品,镜子
6970219185529       ,安可馨AKX-A552云朵欢颜搓澡巾,其它卫浴用品,167,166,其它卫浴用品,清洁用布
6970219185628       ,安可馨 AKX-A562 蝴蝶结公主帽,其它卫浴用品,167,229,其它卫浴用品,镜子
6970219186809       ,安可馨AKX-A680加厚手套,橡胶手套,164,103,橡胶手套,一次性用品
6970219186854       ,安可馨AKX-A685加长植绒手套,橡胶手套,164,103,橡胶手套,一次性用品
6970219187226       ,安可馨 AKX-A722 魔网双层擦拭布30cm*30cm*,其它卫浴用品,167,166,其它卫浴用品,清洁用布
6970219188827       ,安可馨AKX-A882香樟球16粒,室内除臭芳香剂,123,166,室内除臭芳香剂,清洁用布
6970219188834       ,安可馨AKX-A883香樟球22粒,室内除臭芳香剂,123,166,室内除臭芳香剂,清洁用布
6970219188841       ,安可馨AKX-A884樟脑球,家具清洁剂,113,166,家具清洁剂,清洁用布
6970219188964       ,安可馨AKX-A896竹炭包200克,塑料收纳用具,197,167,塑料收纳用具,其它卫浴用品
6970258511815       ,泡泡枪,文具用品,50,38,文具用品,玩具
6970392669106       ,吴宫酒坊（红标）500ML,黄酒,29,37,黄酒,白酒
6970399922990       ,元気森林满分西柚味,乳饮料,40,34,乳饮料,碳酸饮料
6970399926981       ,元気森林杭白菊纤茶,碳酸饮料,34,70,碳酸饮料,茶饮料
6970526602030       ,全家234g（7小包）北海风味豆乳燕麦片,麦片谷物,84,120,麦片谷物,冲调用粉
6970564280221       ,优织徕徕精品棉袜 80221,女袜,207,203,女袜,男袜
6970668830674       ,中平 ZP-3067 粘尘器带替换装,清洁配件,174,173,清洁配件,挂钩
6970668831602       ,中平 ZP-3160 U型筷笼,厨房收纳,201,173,厨房收纳,挂钩
6970668831824       ,中平 ZP-3182 多用拖把夹,拖把/拖把头,168,173,拖把/拖把头,挂钩
6970668835594       ,中平ZP-3559果蔬篮四件套,塑料收纳用具,197,202,塑料收纳用具,滤筛
6970668836645       ,中平ZP-3664云粉交错牙具盒6*20cm,挂钩,173,201,挂钩,厨房收纳
6970668836690       ,中平ZP-3669云粉U型筷笼15.5*7.5*16cm,厨房收纳,201,173,厨房收纳,挂钩
6970668839103       ,中平 ZP-3910 不锈钢泡面碗,塑料杯,194,160,塑料杯,其它厨房配件
6970668839172       ,中平 ZP-3917 小鸡双层沥水篮,塑料收纳用具,197,198,塑料收纳用具,水盆
6970668920054       ,珀菲特8005真不锈圆底锅身32CM（无盖）,其它厨房配件,160,159,其它厨房配件,蒸/炒锅
6970673604093       ,儿童满分女童裤8409,男童内裤,236,204,男童内裤,男内裤
6970858981049       ,巧佳童卡装女红童裤3268,女内裤,27,204,女内裤,男内裤
6970870270084       ,星巴克281ml星冰乐摩卡,其他饮料,134,69,其他饮料,网红商品
6970985366450       ,董董先生DD3045猫咪乐园1号双跳儿童保温壶5,保温壶,183,194,保温壶,塑料杯
6970999787906       ,三丽鸥水画本套装,玩具,38,50,玩具,文具用品
6971031958896       ,依卡嫚沙滩裤0089,内裤,1,204,内裤,男内裤
6971074160737       ,德匠DJ-D075创意姜蒜磨蓉器,厨房用具,172,224,厨房用具,刀/叉/匙
6971074161062       ,德匠DJ-D107德式网滤勺12cm,刀/叉/匙,224,172,刀/叉/匙,厨房用具
6971086589779       ,禧天美XTM-8977旋转置物盒 ,食物储存容器,217,234,食物储存容器,儿童餐具
6971091570434       ,RCM-0434卡其猫爱自然5层1800壳12卷卷纸,卷纸,105,98,卷纸,肉松
6971153033280       ,酷娜丝3双装童棉袜3328,童袜,215,203,童袜,男袜
6971153037288       ,酷娜丝3双装女棉船袜,女袜,207,203,女袜,男袜
6971173880048       ,晋宝源2号介杯160321160412,玻璃器皿,14,212,玻璃器皿,陶瓷餐具
6971173880420       ,晋宝源MS69-B16安式杯（黑线）黑柄葡萄酒,陶瓷餐具,212,14,陶瓷餐具,玻璃器皿
6971173885531       ,晋宝源小雏菊锤纹杯（直）JBY-18046,玻璃器皿,14,212,玻璃器皿,陶瓷餐具
6971173885623       ,晋宝源锤纹杯（喷蓝色）（小）JBY-18045,玻璃器皿,14,212,玻璃器皿,陶瓷餐具
6971200071616       ,新华 XH-88161 特惠保温瓶3.2L,保温壶,183,201,保温壶,厨房收纳
6971200075614       ,新华 XH-88561 双色儿童凳小,椅/凳,180,194,椅/凳,塑料杯
6971200076376       ,新华XH-88673带钩浸塑衣架,厨房收纳,201,200,厨房收纳,衣架
6971200077168       ,新华XH-88716佐料罐,厨房收纳,201,172,厨房收纳,厨房用具
6971225110710       ,五号码头码头老味烧鸡礼盒1.40kg,春节年货,21,82,春节年货,休闲肉/豆制品
6971234634719       ,纳味轩34719碳钢可拆筷子筒,筷子,184,201,筷子,厨房收纳
6971284204108       ,海底捞122g麻酱粉,调味酱,77,31,调味酱,调味料
6971284204351       ,海底捞自煮火锅（番茄小酥肉）,速食主食,140,31,速食主食,调味料
6971284205730       ,哇哦虎皮凤爪(香辣味),休闲肉/豆制品,82,69,休闲肉/豆制品,网红商品
6971284206829       ,海底捞425g火锅（辣卤凤爪）,速食主食,140,31,速食主食,调味料
6971284209240       ,海底捞300g火锅（老成都）,速食主食,140,31,速食主食,调味料
6971284209264       ,海底捞282g火锅（肥汁番茄）,速食主食,140,31,速食主食,调味料
6971284209608       ,海底捞326g火锅（胡椒猪肚鸡）小,速食主食,140,31,速食主食,调味料
6971306583884       ,马大姐书包小纵队蓝色600g,糖果,61,69,糖果,网红商品
6971355090234       ,柏锐朗A-23硅胶隔热手夹,其它餐桌配件,186,172,其它餐桌配件,厨房用具
6971355091033       ,柏锐朗 D-19m 小菜刀,刀/叉/匙,224,117,刀/叉/匙,刀具及配件
6971355093945       ,柏锐朗 D-51 4英寸陶瓷水果刀,刀/叉/匙,224,212,刀/叉/匙,陶瓷餐具
6971419233522       ,收纳造景贴纸,玩具,38,50,玩具,文具用品
6971425331540       ,30g鸿兴源白胡椒粉,调味酱,77,31,调味酱,调味料
6971439852994       ,阿斯塔特海鲜E面30g,糖果,61,69,糖果,网红商品
6971479841798       ,浅初生活ZK1798六竹报福筷6入,筷子,184,172,筷子,厨房用具
6971479841927       ,浅初生活ZXW1927竹纤维儿童卡通餐盘,其它餐桌配件,186,234,其它餐桌配件,儿童餐具
6971529860946       ,卡仁伽可可爆,果汁饮料,65,12,果汁饮料,饼干
6971570740686       ,佰悦屋BYW-068杯刷,其它厨房配件,160,170,其它厨房配件,刷子/掸子
6971738650321       ,安井500g芝士年糕,冷冻汤圆,74,95,冷冻汤圆,冷冻包、点心
6971738650734       ,安井120g淄博风味烤饼,冷冻包、点心,95,148,冷冻包、点心,冷冻肉丸类
6971738655395       ,安井240g锁鲜蟹味宝,冷冻肉丸类,148,95,冷冻肉丸类,冷冻包、点心
6971738659294       ,安井250日式照烧风味纯肉肠,冷冻肉丸类,148,95,冷冻肉丸类,冷冻包、点心
6971781290321       ,幸福迎迎奶黄包,冷冻包、点心,95,59,冷冻包、点心,糕点/派
6971827490937       ,218g咔啰卡曼芝士味夹心酥.蛋卷,饼干,12,87,饼干,蛋卷
6971827491897       ,64g咔啰卡曼小黄鸭法芙饼原味,蛋卷,87,12,蛋卷,饼干
6971845661388       ,福顶记麻辣1+2,调味料,31,30,调味料,袋装酱菜
6971845661418       ,福顶记麻辣1+1,调味料,31,30,调味料,袋装酱菜
6971875906022       ,爱诗格尔AS-CF01/L4厨妃四件套,玻璃器皿,14,163,玻璃器皿,床上用品
6971885311816       ,到饭点自热米饭黑椒牛肉饭271g,速食主食,140,69,速食主食,网红商品
6971885311830       ,到饭点自热米饭台式卤肉饭271g,速食主食,140,69,速食主食,网红商品
6972035613477       ,女士加绒踩脚连脚裤1347,内衣,191,26,内衣,毛巾
6972035615426       ,好竹伊幸运花抱枕（大）1542,床上用品,163,24,床上用品,冬至保暖
6972035617529       ,酱紫圣诞礼盒4双装袜3500,男袜,203,25,男袜,丝袜
6972035617666       ,时尚潮鞋女263,拖鞋,179,24,拖鞋,冬至保暖
6972035618311       ,美偲新女七彩棉加绒踩脚裤,冬至保暖,24,27,冬至保暖,女内裤
6972035619158       ,冰貂绒盖毯1915,床上用品,163,26,床上用品,毛巾
6972188280014       ,春惠图手工蛋卷,膨化食品,64,59,膨化食品,糕点/派
6972219327657       ,女士鸿运中筒灯笼袜765,女袜,207,203,女袜,男袜
6972306031542       ,仓海蔬田松露巧克力,巧克力糖,54,69,巧克力糖,网红商品
6972310096841       ,劲蓝男卡裤大红6184,男内裤,204,1,男内裤,内裤
6972409870642       ,贝莉多小公主,玩具,38,50,玩具,文具用品
6972409870703       ,贝莉多小公主,玩具,38,50,玩具,文具用品
6972430420397       ,1kg金香园水磨糯米粉,大米、杂粮,178,175,大米、杂粮,面粉
6972682693549       ,BOP波普专研 专研儿童防蛀牙膏 甜橙口味,10%,49,63,10%,20%
6972824651758       ,720g阿华田雪绒蛋糕,春节年货,21,59,春节年货,糕点/派
6972886701798       ,可瑞乐软萌小钱包,文具用品,50,38,文具用品,玩具
6973032273459       ,地雷学生90g擂苔海苔卷（肉松）盒,海苔类,88,12,海苔类,饼干
6973032276849       ,地雷学生90g擂苔海苔卷（蟹黄）,海苔类,88,12,海苔类,饼干
6973032278249       ,地雷学生90g擂苔海苔卷（蟹黄）盒,海苔类,88,12,海苔类,饼干
6973032278379       ,地雷学生90g擂苔海苔卷（肉松）,海苔类,88,98,海苔类,肉松
6973048311442       ,淞泰 SF-144 小鹿牙具盒,塑料收纳用具,197,201,塑料收纳用具,厨房收纳
6973048313552       ,淞泰 SF-355 蘑菇屋存钱罐,塑料收纳用具,197,234,塑料收纳用具,儿童餐具
6973112889037       ,U9香水涿光系列-真我花香果香调,10%,49,63,10%,20%
6973230890533       ,北海牧场LP28巴氏杀菌热处理风味酸乳（盒）,盒装奶,35,0,盒装奶,低温液态奶
6973230890540       ,北海牧场 LP28巴氏杀菌热处理风味酸乳（提),盒装奶,35,0,盒装奶,低温液态奶
6973265360001       ,珍味小梅园350g黄金炸猪排,冷冻肉丸类,148,95,冷冻肉丸类,冷冻包、点心
6973265360780       ,珍味小梅园300g耗油牛肉片,冷冻肉丸类,148,95,冷冻肉丸类,冷冻包、点心
6973279800203       ,满小饱肥汁拉面112.6g,袋装速食面/粉,32,154,袋装速食面/粉,杯装速食面/粉
6973279801378       ,满小饱125g酸菜火锅米线,袋装速食面/粉,32,140,袋装速食面/粉,速食主食
6973391690584       ,蜡笔小新系列DIY钻石画,文具用品,50,38,文具用品,玩具
6973482400658       ,105g沙发猫虎皮凤爪五香味,袋装蜜饯类,67,82,袋装蜜饯类,休闲肉/豆制品
6973482400696       ,65g沙发猫卤鸭锁骨香辣味,袋装蜜饯类,67,82,袋装蜜饯类,休闲肉/豆制品
6973482401235       ,72g沙发猫蔓越莓雪花酥,饼干,12,67,饼干,袋装蜜饯类
6973483705349       ,凡森 MCC-534 魔法熊涂鸦星涂太空杯600ml,均价用品,220,194,均价用品,塑料杯
6973603190468       ,绿康码头花椒锅巴,膨化食品,64,82,膨化食品,休闲肉/豆制品
6973647361992       ,妙可蓝多奶酪小粒白桃芭乐味84g,奶酪,101,0,奶酪,低温液态奶
6973647363712       ,妙可蓝多354g奶酪大礼包,春节年货,21,101,春节年货,奶酪
6973710770768       ,优品猫 H0075 304随手杯480ml,保温杯,218,194,保温杯,塑料杯
6973718321566       ,川阿姨香辣红油,香油,130,31,香油,调味料
6973861870379       ,张琪寿老爷爷冷面,袋装速食面/粉,32,69,袋装速食面/粉,网红商品
6973870132154       ,康师傅GG贝纳颂咖啡拿铁,咖啡饮料,90,91,咖啡饮料,咖啡
6973870135186       ,康师傅纯萃零糖高山乌龙,茶饮料,70,40,茶饮料,乳饮料
6973885779054       ,冰客牙刷A905,冰淇淋,20,72,冰淇淋,牙刷
6974071870036       ,植物磨坊咖喱酱,袋装酱菜,30,31,袋装酱菜,调味料
6974077082662       ,无穷58g烤鸡翅根（香辣味）,膨化食品,64,82,膨化食品,休闲肉/豆制品
6974170742265       ,莫奈叔叔芝士小鱼饼干,饼干,12,64,饼干,膨化食品
6974265361371       ,雅斯妮106硅胶印章套装,文具用品,50,38,文具用品,玩具
6974350261487       ,晋宝源唐古拉圆形锤纹玻璃彩碗195cm,玻璃器皿,14,212,玻璃器皿,陶瓷餐具
6974371261961       ,巧娘懂味道豆豉朝天椒,调味料,31,68,调味料,瓶装酱菜
6974665620337       ,460g谷物细语藕粉红枣枸杞,网红商品,69,96,网红商品,早餐糊类
6974665620351       ,460g谷物细语藕粉银耳莲子,网红商品,69,96,网红商品,早餐糊类
6974984780231       ,奥特曼口哨锤锤乐,网红商品,69,86,网红商品,玩具糖果
6975006453201       ,康味嘉吉祥福礼（曲奇饼干）,春节年货,21,12,春节年货,饼干
6975069931302       ,维维1080g燕麦奶粉礼盒,春节年货,21,28,春节年货,成人奶粉
6975176783214       ,元気森林红豆薏米水,茶饮料,70,40,茶饮料,乳饮料
6975176783238       ,元気森林红枣枸杞水,碳酸饮料,34,40,碳酸饮料,乳饮料
6975176783986       ,元気森林栀子白茶,茶饮料,70,34,茶饮料,碳酸饮料
6975310320794       ,新疆软蜜无花果70g,膨化食品,64,67,膨化食品,袋装蜜饯类
6975594830729       ,88g杞辅枸杞子,南北干货,235,181,南北干货,各地食材干货
6975594830736       ,128g杞辅枸杞子,南北干货,235,181,南北干货,各地食材干货
6975682480539       ,淳茶舍冷萃绿茶480ML,茶饮料,70,65,茶饮料,果汁饮料
6975682480638       ,阳光柠檬红茶500ml,茶饮料,70,65,茶饮料,果汁饮料
6975682480676       ,阳光柠檬无糖红茶500ml,茶饮料,70,65,茶饮料,果汁饮料
6975682483516       ,咖世家轻爽黑咖清爽原味咖啡塑料400ML,果汁饮料,65,90,果汁饮料,咖啡饮料
6975742474737       ,80g海底捞沙茶酱,调味料,31,77,调味料,调味酱
6975938160802       ,550g指指香酱香黄瓜,袋装酱菜,30,68,袋装酱菜,瓶装酱菜
6975964941291       ,木棉花3双装休闲条纹女中筒袜 M1291,女袜,207,203,女袜,男袜
6975964949204       ,遇见90°直角男男袜 ME920,男袜,203,25,男袜,丝袜
6976464320050       ,36g小闲渝一枝独秀笋尖山椒味,休闲肉/豆制品,82,69,休闲肉/豆制品,网红商品
6977251030442       ,茂仔严选110g千纸鹤彩糖,糖果,61,64,糖果,膨化食品
6977375853354       ,晋宝源JBY-2213北欧风陶瓷煲4L,陶瓷餐具,212,14,陶瓷餐具,玻璃器皿
6977716670220       ,250ml海天有机核桃油,调味汁,79,80,调味汁,生抽
6977922300102       ,皇室森活燕麦礼盒,麦片谷物,84,21,麦片谷物,春节年货
6978132490584       ,33°椰岛十全酒金标520,滋补酒,100,29,滋补酒,黄酒
6978545321291       ,富士宝Q1801凹形电磁炉二件套(条码更新),电磁炉,240,192,电磁炉,多功能食品料理机
70030002            ,柳溪青鱼干,春节年货,21,98,春节年货,肉松
73004               ,大片笋干,散称干货,7,23,散称干货,超市耗材
751249130309        ,迷失海岸花生酱巧克力牛奶世涛啤酒355ml,瓶装啤酒,57,40,瓶装啤酒,乳饮料
769828940317        ,宾格瑞（香芋味）牛奶饮料200ml,乳饮料,40,15,乳饮料,进口食品
8410014926241       ,ColaCao经典原味可可冲饮粉400g,冲调用粉,120,15,冲调用粉,进口食品
8801048101023       ,真露烧酒360ml（16.0）,进口食品,15,37,进口食品,白酒
8801073113770       ,130g三养超辣鸡肉奶油味拌面（粉色）,杯装速食面/粉,154,15,杯装速食面/粉,进口食品
8801073142190       ,三养超辣奶油味拌面（粉色）,袋装速食面/粉,32,15,袋装速食面/粉,进口食品
8809111632634       ,韩进zek啵乐乐气泡水（牛奶）,乳饮料,40,34,乳饮料,碳酸饮料
8809260943346       ,黑X-5饼干,网红商品,69,12,网红商品,饼干
8809260944411       ,X-5花生夹心饼干,网红商品,69,12,网红商品,饼干
8809260944770       ,X-5花生夹心代可可脂巧克力144g,网红商品,69,54,网红商品,巧克力糖
8855044019752       ,可可优奇亚籽芒果汁饮料290ml,果汁饮料,65,34,果汁饮料,碳酸饮料
8855044019776       ,可可优奇亚籽百香果汁饮料290ml,果汁饮料,65,34,果汁饮料,碳酸饮料
8998866610575       ,辉英喜达印尼拌面556g(超大双面块装),进口食品,15,12,进口食品,饼干
99990014            ,年货礼盒箱,一次性用品,103,21,一次性用品,春节年货
